Time(d),Al(SO4)+,Al(SO4)2-,Al+3,AlO+,AlO2-,AlO2H@,AlOH+2,AlHSiO3+2,AlSiO5-3,Ca(CO3)@,Ca(HCO3)+,Ca(SO4)@,Ca+2,CaOH+,Ca(HSiO3)+,CaSiO3@,Fe(CO3)@,Fe(HCO3)+,Fe(HSO4)+,Fe(SO4)@,Fe+2,FeOH+,Fe(HSO4)+2,Fe(SO4)+,Fe(SO4)2-,Fe+3,Fe2(OH)2+4,Fe3(OH)4+5,FeO+,FeO2-,FeO2H@,FeOH+2,FeHSiO3+2,K(SO4)-,K+,KOH@,Mg(CO3)@,Mg(HCO3)+,Mg+2,MgOH+,MgSO4@,Mg(HSiO3)+,MgSiO3@,Na(CO3)-,Na(HCO3)@,Na(SO4)-,Na+,NaOH@,HSiO3-,Si4O10-4,SiO2@,SiO3-2,CO2@,CO3-2,HCO3-,CH4@,H2@,N2@,O2@,S2O3-2,HSO3-,SO3-2,HSO4-,SO4-2,H2S@,HS-,S-2,OH-,H+,H2O@
0.001,3.316e-30,1.5715e-30,3.3551e-31,2.9003e-19,2.0066e-08,1.2453e-13,6.2699e-25,1.4892e-28,1.977e-13,1.6577e-08,8.0804e-12,0.0051705,0.011509,0.00039642,3.9513e-06,0.00013736,1.2657e-19,3.8027e-23,6.146e-26,2.7656e-15,6.8509e-15,4.5355e-13,0,0,0,0,0,0,7.1345e-19,1.084e-11,2.7196e-14,1.075e-26,8.7054e-31,3.2986e-06,9.8613e-05,1.009e-07,5.1104e-13,4.5154e-16,6.8548e-07,5.2836e-07,3.6996e-07,4.8014e-10,1.0534e-07,3.0995e-16,4.5695e-19,2.4593e-10,1.0318e-08,2.0243e-11,4.5024e-05,3.8503e-14,6.6527e-07,1.3585e-06,5.8904e-16,3.3667e-09,1.1297e-10,1.4888e-21,1.3032e-10,1.0033e-08,0,3.108e-17,1.7721e-17,6.7474e-13,1.5373e-12,0.0096856,1.3941e-12,6.2673e-08,4.0208e-15,0.0040968,3.2006e-12,0.99944
0.0011,2.4596e-30,1.1588e-30,2.5098e-31,2.495e-19,1.929e-08,1.1498e-13,5.0298e-25,1.0126e-28,1.9228e-13,1.6859e-08,6.7568e-12,0.0051702,0.011595,0.00042835,3.6203e-06,0.00013508,9.8877e-20,2.7679e-23,4.9842e-26,2.4073e-15,6.0079e-15,4.2661e-13,0,0,0,0,0,0,6.6467e-19,1.1644e-11,2.7194e-14,9.3391e-27,6.4127e-31,3.5867e-06,0.00010786,1.1845e-07,4.4317e-13,3.6483e-16,6.6738e-07,5.5176e-07,3.5754e-07,4.2502e-10,1.0008e-07,2.5804e-16,3.5413e-19,2.2819e-10,9.63e-09,2.0279e-11,4.1008e-05,2.6602e-14,5.6406e-07,1.3304e-06,4.5579e-16,3.1053e-09,9.3988e-11,1.2438e-21,1.3283e-10,1.0033e-08,0,2.881e-17,1.673e-17,6.8483e-13,1.4238e-12,0.0096425,1.2977e-12,6.2671e-08,4.323e-15,0.0043995,2.9813e-12,0.99943
0.00121,1.6529e-30,7.7133e-31,1.7097e-31,2.085e-19,1.945e-08,1.0657e-13,3.7951e-25,5.9649e-29,1.9141e-13,1.6582e-08,6.9343e-12,0.0051699,0.011735,0.00048022,3.1677e-06,0.00013108,9.1782e-20,2.3166e-23,3.6646e-26,1.963e-15,4.958e-15,3.9002e-13,0,0,0,0,0,0,5.9923e-19,1.2929e-11,2.719e-14,7.6021e-27,4.0743e-31,3.9131e-06,0.00011881,1.4469e-07,4.18e-13,3.1026e-16,7.2238e-07,6.4921e-07,3.4186e-07,3.0828e-10,8.3867e-08,2.6297e-16,3.2494e-19,2.0422e-10,8.7007e-09,2.032e-11,3.5542e-05,1.5164e-14,4.402e-07,1.2823e-06,4.1721e-16,3.3816e-09,9.5417e-11,1.2731e-21,1.3658e-10,1.0033e-08,0,2.5729e-17,1.5363e-17,6.9927e-13,1.2714e-12,0.0095733,1.1668e-12,6.2585e-08,4.8005e-15,0.0048848,2.6871e-12,0.99942
0.001331,1.0163e-30,4.6604e-31,1.0793e-31,1.854e-19,2.5074e-08,1.1276e-13,2.8436e-25,2.9078e-29,2.2565e-13,1.6416e-08,6.3563e-12,0.0051688,0.012009,0.00058356,2.5041e-06,0.00012331,7.089e-20,1.5036e-23,2.1798e-26,1.3895e-15,3.5922e-15,3.3556e-13,0,0,0,0,0,0,5.0346e-19,1.5425e-11,2.7185e-14,5.3817e-27,1.8762e-31,4.2608e-06,0.00013178,1.9097e-07,3.0621e-13,1.91e-16,3.8445e-07,4.1825e-07,1.9889e-07,1.6364e-10,5.0855e-08,2.434e-16,2.5206e-19,1.7325e-10,7.5181e-09,2.0896e-11,2.7581e-05,5.5937e-15,2.8628e-07,1.1907e-06,3.1467e-16,3.5586e-09,8.5796e-11,1.1613e-21,1.432e-10,1.0034e-08,0,2.1235e-17,1.3288e-17,7.2353e-13,1.0487e-12,0.0094407,9.7552e-13,6.2443e-08,5.7307e-15,0.0058223,2.2563e-12,0.9994
0.0014641,2.6865e-31,1.1985e-31,2.9644e-32,7.6713e-20,1.5827e-08,5.7468e-14,9.5815e-26,5.7096e-30,1.2851e-13,1.649e-08,5.181e-12,0.0051673,0.01242,0.00074127,1.8511e-06,0.00011231,4.6778e-20,8.0568e-24,1.1624e-26,9.1248e-16,2.4404e-15,2.8021e-13,0,0,0,0,0,0,4.0839e-19,1.908e-11,2.7175e-14,3.5541e-27,7.2197e-32,4.6201e-06,0.00014675,2.6207e-07,2.7473e-13,1.3919e-16,3.5497e-07,4.7477e-07,1.7759e-07,1.0826e-10,4.1442e-08,1.9698e-16,1.6482e-19,1.3954e-10,6.2176e-09,2.1295e-11,1.9856e-05,1.5432e-15,1.6677e-07,1.0645e-06,2.0167e-16,3.5049e-09,6.8074e-11,9.3929e-22,1.5169e-10,1.0034e-08,0,1.678e-17,1.1123e-17,7.5205e-13,8.2832e-13,0.0092544,7.8526e-13,6.2202e-08,7.0912e-15,0.007195,1.8288e-12,0.99937
0.0016105,6.6247e-32,2.8581e-32,7.6759e-33,3.0375e-20,9.7187e-09,2.8289e-14,3.0706e-26,1.0112e-30,6.921e-14,1.6575e-08,4.1911e-12,0.0051653,0.012962,0.00095708,1.3226e-06,9.9687e-05,3.0204e-20,4.1867e-24,6.0073e-27,5.8589e-16,1.6363e-15,2.3241e-13,0,0,0,0,0,0,3.2853e-19,2.3822e-11,2.7163e-14,2.3135e-27,2.5989e-32,4.9865e-06,0.0001638,3.634e-07,2.455e-13,1.0002e-16,3.2917e-07,5.4477e-07,1.5782e-07,6.8597e-11,3.2652e-08,1.5322e-16,1.0259e-19,1.0795e-10,4.9737e-09,2.1171e-11,1.3718e-05,3.6234e-16,9.207e-08,9.2332e-07,1.264e-16,3.4376e-09,5.323e-11,7.5145e-22,1.6119e-10,1.0035e-08,0,1.3048e-17,9.1991e-18,7.8059e-13,6.4438e-13,0.0090275,6.2479e-13,6.1829e-08,8.8497e-15,0.0089714,1.4696e-12,0.99933
0.0017716,1.8456e-32,7.6802e-33,2.2556e-33,1.3047e-20,6.2107e-09,1.4773e-14,1.0912e-26,2.0499e-31,3.8409e-14,1.6662e-08,3.4654e-12,0.005163,0.013578,0.0012131,9.5682e-07,8.7685e-05,2.0273e-20,2.3077e-24,3.2933e-27,3.9087e-16,1.1438e-15,1.9644e-13,0,0,0,0,0,0,2.7006e-19,2.9123e-11,2.7148e-14,1.5743e-27,1.0082e-32,5.3752e-06,0.00018307,4.9379e-07,1.134e-13,3.7991e-17,1.5835e-07,3.1729e-07,7.2499e-08,2.2806e-11,1.3196e-08,1.1608e-16,6.3536e-20,8.1327e-11,3.8849e-09,2.0116e-11,9.5677e-06,8.9073e-17,5.2529e-08,7.926e-07,8.2426e-17,3.3647e-09,4.2441e-11,6.1231e-22,1.7033e-10,1.0036e-08,0,1.0319e-17,7.7116e-18,8.0466e-13,5.109e-13,0.0087929,5.0616e-13,6.1283e-08,1.079e-14,0.010952,1.2066e-12,0.99928
0.0019487,4.8961e-33,1.9506e-33,6.3877e-34,5.4344e-21,3.8884e-09,7.5155e-15,3.7491e-27,3.8445e-32,2.0334e-14,1.6757e-08,2.8513e-12,0.00516,0.014369,0.0015584,6.7061e-07,7.5107e-05,1.3352e-20,1.2453e-24,1.7665e-27,2.561e-16,7.9275e-16,1.6544e-13,0,0,0,0,0,0,2.2095e-19,3.5815e-11,2.7129e-14,1.0624e-27,3.7143e-33,5.7562e-06,0.0002048,6.7462e-07,7.2605e-14,1.9913e-17,1.0663e-07,2.5959e-07,4.6145e-08,1.0185e-11,7.1988e-09,8.5903e-17,3.8236e-20,5.9832e-11,2.9845e-09,1.887e-11,6.4211e-06,1.8957e-17,2.8651e-08,6.5976e-07,5.2749e-17,3.282e-09,3.3403e-11,4.9408e-22,1.8035e-10,1.0037e-08,0,8.0481e-18,6.4006e-18,8.2743e-13,4.0015e-13,0.0085224,4.0619e-13,6.0533e-08,1.3214e-14,0.013444,9.8566e-13,0.99922
0.0021436,1.3887e-33,5.2775e-34,1.9468e-34,2.3673e-21,2.4815e-09,3.9454e-15,1.3668e-27,7.7206e-33,1.084e-14,1.6853e-08,2.3803e-12,0.0051564,0.01529,0.0019845,4.7041e-07,6.3497e-05,8.987e-21,6.9544e-25,9.7988e-28,1.7121e-16,5.6412e-16,1.4094e-13,0,0,0,0,0,0,1.8319e-19,4.3503e-11,2.7107e-14,7.3722e-28,1.4197e-33,6.1441e-06,0.0002292,9.0973e-07,4.756e-14,1.0823e-17,7.3802e-08,2.1523e-07,3.0023e-08,4.6517e-12,3.9624e-09,6.2786e-17,2.2989e-20,4.3436e-11,2.271e-09,1.7307e-11,4.296e-06,4.0105e-18,1.5769e-08,5.4124e-07,3.4551e-17,3.1959e-09,2.6578e-11,4.0209e-22,1.9025e-10,1.0039e-08,0,6.3145e-18,5.3443e-18,8.4631e-13,3.1645e-13,0.0082444,3.2835e-13,5.9494e-08,1.5922e-14,0.016295,8.1573e-13,0.99915
0.002358,4.2443e-34,0,0,1.0846e-21,1.6215e-09,2.1491e-15,5.3195e-28,1.6781e-33,5.8647e-15,1.6949e-08,2.0144e-12,0.0051522,0.016338,0.0025008,3.3107e-07,5.3127e-05,6.1826e-21,4.0245e-25,5.6327e-28,1.17e-16,4.1202e-16,1.2145e-13,0,0,0,0,0,0,1.5399e-19,5.2156e-11,2.7081e-14,5.264e-28,5.6617e-34,6.5424e-06,0.00025655,1.21e-06,3.1919e-14,6.1096e-18,5.2546e-08,1.8091e-07,2.0015e-08,2.1837e-12,2.2108e-09,4.557e-17,1.3901e-20,3.1315e-11,1.7205e-09,1.5588e-11,2.8762e-06,8.561e-19,8.7975e-09,4.3917e-07,2.3186e-17,3.1086e-09,2.1383e-11,3.291e-22,1.9974e-10,1.0041e-08,0,4.9801e-18,4.4919e-18,8.6093e-13,2.5308e-13,0.0079672,2.6698e-13,5.8076e-08,1.8825e-14,0.019489,6.8428e-13,0.99907
0.0025937,0,0,0,5.2252e-22,1.086e-09,1.2139e-15,2.2079e-28,3.9506e-34,3.2292e-15,1.7044e-08,1.7268e-12,0.0051474,0.017508,0.0031166,2.3402e-07,4.404e-05,4.343e-21,2.4106e-25,3.3523e-28,8.1659e-17,3.0834e-16,1.0576e-13,0,0,0,0,0,0,1.3115e-19,6.1753e-11,2.7051e-14,3.8624e-28,2.3563e-34,6.9561e-06,0.00028714,1.5881e-06,2.1928e-14,3.5792e-18,3.843e-08,1.5408e-07,1.3662e-08,1.0549e-12,1.2528e-09,3.2999e-17,8.4941e-21,2.2531e-11,1.3026e-09,1.3843e-11,1.9315e-06,1.8607e-19,4.985e-09,3.5317e-07,1.5928e-17,3.0226e-09,1.7399e-11,2.7006e-22,2.0857e-10,1.0043e-08,0,3.9404e-18,3.7997e-18,8.7124e-13,2.0478e-13,0.0076985,2.177e-13,5.6155e-08,2.1793e-14,0.023013,5.8148e-13,0.99898
0.0028531,0,0,0,2.636e-22,7.4372e-10,7.0935e-16,9.7155e-29,0,1.8092e-15,1.7134e-08,1.4981e-12,0.0051421,0.018794,0.003842,1.6618e-07,3.6241e-05,3.1119e-21,1.4906e-25,2.0598e-28,5.8137e-17,2.3577e-16,9.2913e-14,0,0,0,0,0,0,1.1304e-19,7.2279e-11,2.7017e-14,2.9052e-28,0,7.3901e-06,0.00032133,2.0589e-06,1.5415e-14,2.1716e-18,2.8805e-08,1.3281e-07,9.5431e-09,5.2374e-13,7.2079e-10,2.3947e-17,5.2596e-21,1.6247e-11,9.8895e-10,1.2181e-11,1.3021e-06,4.1279e-20,2.8678e-09,2.8217e-07,1.1196e-17,2.9401e-09,1.4319e-11,2.2118e-22,2.1642e-10,1.0045e-08,0,3.1146e-18,3.231e-18,8.768e-13,1.6759e-13,0.0074423,1.7717e-13,5.3575e-08,2.4633e-14,0.026857,4.9997e-13,0.99888
0.0031384,0,0,0,1.3873e-22,5.2077e-10,4.2828e-16,4.5186e-29,0,1.0322e-15,1.7221e-08,1.3137e-12,0.0051361,0.020193,0.0046864,1.1855e-07,2.9635e-05,2.2685e-21,9.4742e-26,1.3013e-28,4.2123e-17,1.8361e-16,8.2204e-14,0,0,0,0,0,0,9.8506e-20,8.3711e-11,2.6981e-14,2.2348e-28,0,7.8503e-06,0.00035948,2.6392e-06,1.1067e-14,1.3592e-18,2.2074e-08,1.1573e-07,6.8098e-09,2.6694e-13,4.2073e-10,1.7458e-17,3.3068e-21,1.1771e-11,7.5427e-10,1.065e-11,8.8192e-07,9.3601e-21,1.6738e-09,2.2429e-07,8.0371e-18,2.8618e-09,1.1911e-11,1.7939e-22,2.2279e-10,1.0048e-08,0,2.4414e-18,2.7565e-18,8.7642e-13,1.3868e-13,0.0071998,1.4283e-13,5.012e-08,2.7022e-14,0.031023,4.3454e-13,0.99876
0.0034523,0,0,0,7.5619e-23,3.7091e-10,2.6515e-16,2.191e-29,0,5.9507e-16,1.7302e-08,1.1613e-12,0.0051295,0.021697,0.0056674,8.4733e-08,2.405e-05,1.6734e-21,6.1561e-26,8.398e-29,3.089e-17,1.4478e-16,7.2989e-14,0,0,0,0,0,0,8.6547e-20,9.6171e-11,2.694e-14,1.7491e-28,0,8.3379e-06,0.00040204,3.3532e-06,8.079e-15,8.7409e-19,1.7207e-08,1.0168e-07,4.942e-09,1.3841e-13,2.4827e-10,1.2812e-17,2.109e-21,8.5868e-12,5.7906e-10,9.2931e-12,5.9864e-07,2.1361e-21,9.8755e-10,1.7719e-07,5.8664e-18,2.7885e-09,9.9892e-12,1.4243e-22,2.2719e-10,1.0051e-08,0,1.8766e-18,2.3495e-18,8.6893e-13,1.1573e-13,0.0069741,1.1274e-13,4.5527e-08,2.8592e-14,0.035505,3.8071e-13,0.99864
0.0037975,0,0,0,1.3144e-22,5.0573e-10,4.1046e-16,4.2317e-29,0,9.856e-16,1.7235e-08,1.2989e-12,0.0051356,0.020293,0.0047632,1.1498e-07,2.9097e-05,2.1453e-21,8.8548e-26,1.2146e-28,3.9789e-17,1.7436e-16,7.8957e-14,0,0,0,0,0,0,9.7295e-20,8.4809e-11,2.6976e-14,2.1829e-28,0,9.7633e-06,0.00044861,3.3335e-06,1.0763e-14,1.3064e-18,2.1555e-08,1.1431e-07,6.6151e-09,2.5166e-13,4.015e-10,9.318e-18,1.7416e-21,6.2766e-12,4.0353e-10,5.7668e-12,8.5253e-07,8.2405e-21,1.5973e-09,2.1997e-07,7.8163e-18,2.8599e-09,1.1736e-11,1.395e-22,2.1065e-10,1.0054e-08,0,1.8944e-18,2.5659e-18,8.2761e-13,1.3651e-13,0.0071894,1.1095e-13,3.9446e-08,2.158e-14,0.031408,4.2909e-13,0.99875
0.0041773,0,0,0,1.3136e-22,5.0582e-10,4.1036e-16,4.2279e-29,0,9.8652e-16,1.724e-08,1.2989e-12,0.0051356,0.020279,0.0047617,1.1496e-07,2.9096e-05,2.1014e-21,8.6724e-26,1.1894e-28,3.8967e-17,1.7063e-16,7.7284e-14,0,0,0,0,0,0,9.7267e-20,8.4843e-11,2.6976e-14,2.1819e-28,0,1.0909e-05,0.00050087,3.7231e-06,1.0768e-14,1.3069e-18,2.1544e-08,1.1428e-07,6.6168e-09,2.5155e-13,4.0178e-10,6.8276e-18,1.2757e-21,4.5978e-12,2.9538e-10,4.2228e-12,8.5304e-07,8.2481e-21,1.5984e-09,2.2014e-07,7.8199e-18,2.8629e-09,1.1744e-11,1.1785e-22,2.0194e-10,1.0058e-08,0,1.6014e-18,2.4609e-18,7.9402e-13,1.3658e-13,0.007195,9.3711e-14,3.3332e-08,1.8241e-14,0.031419,4.2896e-13,0.99875
0.004595,0,0,0,1.312e-22,5.0561e-10,4.1002e-16,4.2214e-29,0,9.87e-16,1.7246e-08,1.2988e-12,0.0051354,0.020264,0.0047599,1.149e-07,2.9093e-05,2.0217e-21,8.3403e-26,1.1436e-28,3.7479e-17,1.64e-16,7.4307e-14,0,0,0,0,0,0,9.7233e-20,8.4885e-11,2.6977e-14,2.1804e-28,0,1.2184e-05,0.00055896,4.1566e-06,1.0771e-14,1.3067e-18,2.1528e-08,1.1423e-07,6.6165e-09,2.5142e-13,4.0173e-10,5.0199e-18,9.3745e-22,3.3793e-12,2.1692e-10,3.1024e-12,8.5333e-07,8.2676e-21,1.5982e-09,2.2033e-07,7.822e-18,2.8666e-09,1.1753e-11,8.6337e-23,1.8682e-10,1.0063e-08,0,1.174e-18,2.2777e-18,7.3528e-13,1.3664e-13,0.0072014,6.8634e-14,2.4439e-08,1.3373e-14,0.031432,4.288e-13,0.99875
0.0050545,0,0,0,1.3122e-22,5.0612e-10,4.1024e-16,4.2203e-29,0,9.8898e-16,1.7252e-08,1.2987e-12,0.0051354,0.020248,0.0047578,1.1484e-07,2.909e-05,1.8696e-21,7.7094e-26,1.0567e-28,3.4645e-17,1.5148e-16,6.8659e-14,0,0,0,0,0,0,9.7192e-20,8.4925e-11,2.6977e-14,2.1787e-28,0,1.3603e-05,0.00062348,4.6383e-06,1.0775e-14,1.3067e-18,2.151e-08,1.1418e-07,6.6165e-09,2.5129e-13,4.0169e-10,3.7042e-18,6.9142e-22,2.4927e-12,1.5986e-10,2.2873e-12,8.5364e-07,8.2819e-21,1.598e-09,2.2053e-07,7.825e-18,2.8705e-09,1.1763e-11,4.6044e-23,1.5963e-10,1.0068e-08,0,6.2648e-19,1.9471e-18,6.289e-13,1.367e-13,0.0072084,3.6589e-14,1.3033e-08,7.1363e-15,0.031446,4.2861e-13,0.99875
0.0055599,0,0,0,1.3121e-22,5.0657e-10,4.1039e-16,4.2181e-29,0,9.9099e-16,1.7267e-08,1.2987e-12,0.0051356,0.02023,0.0047556,1.1479e-07,2.909e-05,0,0,0,3.2132e-33,1.4035e-32,6.3645e-30,0,0,0,0,0,0,9.7142e-20,8.4961e-11,2.6976e-14,2.1766e-28,0,1.5179e-05,0.00069508,5.1732e-06,1.0781e-14,1.3067e-18,2.1491e-08,1.1413e-07,6.6169e-09,2.5119e-13,4.0172e-10,2.7443e-18,5.1202e-22,1.8459e-12,1.1827e-10,1.693e-12,8.5409e-07,8.2991e-21,1.5981e-09,2.2074e-07,7.8289e-18,2.8748e-09,1.1774e-11,0,0,1.0074e-08,3.1556e-09,0,0,0,1.3677e-13,0.007216,0,0,0,0.031462,4.284e-13,0.99875
0.0061159,0,0,0,1.3109e-22,5.0668e-10,4.1025e-16,4.2125e-29,0,9.9244e-16,1.7269e-08,1.2987e-12,0.0051354,0.02021,0.0047531,1.1471e-07,2.9085e-05,0,0,0,1.6962e-33,7.4021e-33,3.3581e-30,0,0,0,0,0,0,9.7094e-20,8.5017e-11,2.6976e-14,2.1746e-28,0,1.6932e-05,0.00077446,5.7672e-06,1.0786e-14,1.3066e-18,2.1469e-08,1.1407e-07,6.6166e-09,2.5101e-13,4.0163e-10,2.0414e-18,3.8063e-22,1.3724e-12,8.7832e-11,1.2579e-12,8.5443e-07,8.3184e-21,1.5978e-09,2.21e-07,7.8326e-18,2.8797e-09,1.1787e-11,0,0,1.0081e-08,4.0617e-08,0,0,0,1.3685e-13,0.0072248,0,0,0,0.031479,4.2817e-13,0.99875
0.0067275,0,0,0,1.31e-22,5.0702e-10,4.1006e-16,4.2079e-29,0,9.9474e-16,1.7279e-08,1.2987e-12,0.0051353,0.020187,0.0047503,1.1463e-07,2.9081e-05,0,0,0,1.3965e-33,6.0875e-33,2.7632e-30,0,0,0,0,0,0,9.7039e-20,8.5071e-11,2.6976e-14,2.1722e-28,0,1.8877e-05,0.00086238,6.4257e-06,1.0792e-14,1.3067e-18,2.1445e-08,1.14e-07,6.6165e-09,2.5083e-13,4.0157e-10,1.5247e-18,2.841e-22,1.0244e-12,6.5481e-11,9.3837e-13,8.5487e-07,8.3395e-21,1.5975e-09,2.2127e-07,7.8372e-18,2.8852e-09,1.1801e-11,0,0,1.0089e-08,8.8468e-08,0,0,0,1.3694e-13,0.0072344,0,0,0,0.031498,4.2791e-13,0.99875
0.0074002,0,0,0,1.3094e-22,5.0738e-10,4.1025e-16,4.2029e-29,0,9.9673e-16,1.7291e-08,1.2987e-12,0.0051355,0.020163,0.0047473,1.1456e-07,2.9083e-05,0,0,0,1.2248e-33,5.332e-33,2.4217e-30,0,0,0,0,0,0,9.6971e-20,8.5123e-11,2.6975e-14,2.1694e-28,0,2.1034e-05,0.00095968,7.155e-06,1.0799e-14,1.3067e-18,2.1419e-08,1.1393e-07,6.6168e-09,2.5069e-13,4.0161e-10,1.1435e-18,2.1294e-22,7.678e-13,4.9014e-11,7.0282e-13,8.555e-07,8.3642e-21,1.5977e-09,2.2157e-07,7.8426e-18,2.8911e-09,1.1817e-11,0,0,1.0097e-08,1.4948e-07,0,0,0,1.3703e-13,0.0072447,0,0,0,0.031521,4.2763e-13,0.99874
0.0081403,0,0,0,1.3087e-22,5.079e-10,4.1034e-16,4.1982e-29,0,9.9923e-16,1.7304e-08,1.2988e-12,0.0051354,0.020135,0.0047438,1.1452e-07,2.9095e-05,0,0,0,1.1033e-33,4.7969e-33,2.18e-30,0,0,0,0,0,0,9.6905e-20,8.5192e-11,2.6975e-14,2.1666e-28,0,2.3425e-05,0.0010672,7.9616e-06,1.0808e-14,1.3068e-18,2.139e-08,1.1385e-07,6.6169e-09,2.5057e-13,4.0172e-10,8.6101e-19,1.602e-22,5.7766e-13,3.682e-11,5.2835e-13,8.5647e-07,8.3911e-21,1.5981e-09,2.2205e-07,7.8487e-18,2.8983e-09,1.1836e-11,0,0,1.0108e-08,2.2706e-07,0,0,0,1.3714e-13,0.0072565,0,0,0,0.031544,4.2732e-13,0.99874
0.0089543,0,0,0,1.3073e-22,5.0818e-10,4.1022e-16,4.1909e-29,0,1.0016e-15,1.7319e-08,1.2989e-12,0.0051353,0.020105,0.0047402,1.1433e-07,2.9067e-05,0,0,0,1.0082e-33,4.3769e-33,1.9906e-30,0,0,0,0,0,0,9.6827e-20,8.5268e-11,2.6975e-14,2.1634e-28,0,2.6077e-05,0.001186,8.8555e-06,1.0817e-14,1.3069e-18,2.1357e-08,1.1376e-07,6.6164e-09,2.5019e-13,4.014e-10,6.5037e-19,1.2091e-22,4.36e-13,2.7745e-11,3.9842e-13,8.5649e-07,8.419e-21,1.5969e-09,2.2225e-07,7.8553e-18,2.9059e-09,1.1856e-11,0,0,1.0119e-08,3.2553e-07,0,0,0,1.3725e-13,0.0072697,0,0,0,0.03157,4.2697e-13,0.99874
0.0098497,0,0,0,1.3066e-22,5.0883e-10,4.1035e-16,4.1854e-29,0,1.0061e-15,1.7336e-08,1.2992e-12,0.0051353,0.020072,0.0047359,1.143e-07,2.9085e-05,0,0,0,9.2976e-34,4.0297e-33,1.8341e-30,0,0,0,0,0,0,9.6745e-20,8.5346e-11,2.6975e-14,2.1599e-28,0,2.9004e-05,0.0013168,9.8397e-06,1.0829e-14,1.3072e-18,2.1323e-08,1.1366e-07,6.6168e-09,2.5009e-13,4.016e-10,4.941e-19,9.1766e-23,3.3086e-13,2.1016e-11,3.0207e-13,8.5774e-07,8.4547e-21,1.5976e-09,2.2282e-07,7.8638e-18,2.9155e-09,1.188e-11,0,0,1.0132e-08,4.5023e-07,0,0,0,1.3739e-13,0.0072839,0,0,0,0.031599,4.2659e-13,0.99874
0.010835,0,0,0,1.3058e-22,5.0953e-10,4.1049e-16,4.1794e-29,0,1.009e-15,1.7357e-08,1.2994e-12,0.0051352,0.020036,0.0047315,1.1412e-07,2.9066e-05,0,0,0,8.6247e-34,3.7314e-33,1.6998e-30,0,0,0,0,0,0,9.6652e-20,8.5437e-11,2.6975e-14,2.1561e-28,0,3.2246e-05,0.001461,1.0928e-05,1.0841e-14,1.3075e-18,2.1283e-08,1.1355e-07,6.6165e-09,2.4972e-13,4.0138e-10,3.7657e-19,6.9863e-23,2.5186e-13,1.5966e-11,2.297e-13,8.5817e-07,8.492e-21,1.5967e-09,2.2319e-07,7.8727e-18,2.9245e-09,1.1906e-11,0,0,1.0147e-08,6.0778e-07,0,0,0,1.3753e-13,0.0072998,0,0,0,0.031631,4.2617e-13,0.99873
0.011918,0,0,0,1.3039e-22,5.0989e-10,4.103e-16,4.1693e-29,0,1.0124e-15,1.7358e-08,1.3118e-12,0.0051352,0.019996,0.0047265,1.14e-07,2.9065e-05,0,0,0,8.0364e-34,3.4699e-33,1.5822e-30,0,0,0,0,0,0,9.6551e-20,8.5533e-11,2.6974e-14,2.1518e-28,0,3.5821e-05,0.0016194,1.2126e-05,1.0956e-14,1.3199e-18,2.1241e-08,1.1343e-07,6.6165e-09,2.4945e-13,4.0136e-10,2.9084e-19,5.3897e-23,1.9251e-13,1.2177e-11,1.7536e-13,8.591e-07,8.5322e-21,1.5967e-09,2.2371e-07,7.956e-18,2.9573e-09,1.2046e-11,0,0,1.0164e-08,8.0637e-07,0,0,0,1.3769e-13,0.0073172,0,0,0,0.031666,4.2571e-13,0.99873
0.01311,0,0,0,1.3026e-22,5.1061e-10,4.1035e-16,4.1609e-29,0,1.0172e-15,1.7406e-08,1.3003e-12,0.0051352,0.019952,0.004721,1.1388e-07,2.9069e-05,0,0,0,7.5124e-34,3.2366e-33,1.4773e-30,0,0,0,0,0,0,9.6439e-20,8.5641e-11,2.6973e-14,2.1472e-28,0,3.976e-05,0.0017932,1.3442e-05,1.0872e-14,1.3083e-18,2.1194e-08,1.133e-07,6.6165e-09,2.4918e-13,4.0139e-10,2.2146e-19,4.0987e-23,1.477e-13,9.3201e-12,1.3438e-13,8.6028e-07,8.5798e-21,1.5968e-09,2.2434e-07,7.895e-18,2.9475e-09,1.1968e-11,0,0,1.0183e-08,1.056e-06,0,0,0,1.3786e-13,0.0073365,0,0,0,0.031705,4.2521e-13,0.99873
0.014421,0,0,0,1.3011e-22,5.114e-10,4.1041e-16,4.1517e-29,0,1.0211e-15,1.7436e-08,1.3009e-12,0.0051351,0.019905,0.004715,1.1374e-07,2.9071e-05,0,0,0,7.0404e-34,3.026e-33,1.3828e-30,0,0,0,0,0,0,9.6318e-20,8.5759e-11,2.6973e-14,2.1421e-28,0,4.4097e-05,0.0019837,1.4887e-05,1.0891e-14,1.309e-18,2.1143e-08,1.1316e-07,6.6165e-09,2.4888e-13,4.0141e-10,1.7093e-19,3.159e-23,1.138e-13,7.162e-12,1.0339e-13,8.6152e-07,8.631e-21,1.5968e-09,2.2502e-07,7.9085e-18,2.9611e-09,1.2005e-11,0,0,1.0205e-08,1.369e-06,0,0,0,1.3805e-13,0.0073577,0,0,0,0.031747,4.2466e-13,0.99872
0.015863,0,0,0,1.2992e-22,5.1213e-10,4.1037e-16,4.1407e-29,0,1.0268e-15,1.7469e-08,1.3016e-12,0.0051351,0.019853,0.0047085,1.1354e-07,2.9058e-05,0,0,0,6.6114e-34,2.8342e-33,1.2967e-30,0,0,0,0,0,0,9.6185e-20,8.5889e-11,2.6972e-14,2.1366e-28,0,4.8871e-05,0.002192,1.6473e-05,1.0911e-14,1.3097e-18,2.1088e-08,1.13e-07,6.6164e-09,2.4845e-13,4.0126e-10,1.3251e-19,2.4453e-23,8.8058e-14,5.5257e-12,7.9878e-14,8.6249e-07,8.6876e-21,1.5962e-09,2.2564e-07,7.9236e-18,2.9762e-09,1.2047e-11,0,0,1.0229e-08,1.7603e-06,0,0,0,1.3826e-13,0.0073809,0,0,0,0.031794,4.2405e-13,0.99872
0.017449,0,0,0,1.2971e-22,5.1292e-10,4.1032e-16,4.1286e-29,0,1.0317e-15,1.7507e-08,1.3025e-12,0.005135,0.019796,0.0047015,1.1333e-07,2.9047e-05,0,0,0,6.2189e-34,2.6583e-33,1.2179e-30,0,0,0,0,0,0,9.6039e-20,8.6031e-11,2.6972e-14,2.1305e-28,0,5.4111e-05,0.0024192,1.821e-05,1.0935e-14,1.3105e-18,2.1026e-08,1.1283e-07,6.6161e-09,2.4799e-13,4.011e-10,1.0321e-19,1.9014e-23,6.8435e-14,4.2808e-12,6.1975e-14,8.6359e-07,8.7492e-21,1.5956e-09,2.2635e-07,7.9406e-18,2.9929e-09,1.2092e-11,0,0,1.0257e-08,2.2479e-06,0,0,0,1.3849e-13,0.0074063,0,0,0,0.031845,4.2339e-13,0.99872
0.019194,0,0,0,1.2949e-22,5.1378e-10,4.1027e-16,4.1154e-29,0,1.0372e-15,1.755e-08,1.3035e-12,0.0051349,0.019735,0.0046938,1.1311e-07,2.9036e-05,0,0,0,5.8586e-34,2.4966e-33,1.1455e-30,0,0,0,0,0,0,9.5881e-20,8.6186e-11,2.6971e-14,2.1239e-28,0,5.9853e-05,0.0026666,2.0106e-05,1.0961e-14,1.3115e-18,2.096e-08,1.1265e-07,6.6159e-09,2.475e-13,4.0097e-10,8.0785e-20,1.4856e-23,5.3436e-14,3.3311e-12,4.8304e-14,8.6486e-07,8.8191e-21,1.5951e-09,2.2713e-07,7.9597e-18,3.0115e-09,1.2143e-11,0,0,1.0287e-08,2.8534e-06,0,0,0,1.3873e-13,0.0074341,0,0,0,0.031901,4.2268e-13,0.99871
0.021114,0,0,0,1.2929e-22,5.1494e-10,4.1036e-16,4.1029e-29,0,1.0443e-15,1.7597e-08,1.3047e-12,0.0051347,0.019668,0.0046853,1.1291e-07,2.9037e-05,0,0,0,5.527e-34,2.3474e-33,1.0788e-30,0,0,0,0,0,0,9.5711e-20,8.6354e-11,2.6971e-14,2.1169e-28,0,6.612e-05,0.0029352,2.2166e-05,1.0991e-14,1.3128e-18,2.089e-08,1.1245e-07,6.6159e-09,2.4707e-13,4.0097e-10,6.3555e-20,1.1664e-23,4.1924e-14,2.6037e-12,3.7823e-14,8.6661e-07,8.8951e-21,1.5951e-09,2.2811e-07,7.9815e-18,3.0321e-09,1.22e-11,0,0,1.0321e-08,3.6025e-06,0,0,0,1.39e-13,0.0074645,0,0,0,0.031961,4.219e-13,0.99871
0.023225,0,0,0,1.2904e-22,5.1602e-10,4.1036e-16,4.0881e-29,0,1.052e-15,1.7651e-08,1.3062e-12,0.0051347,0.019596,0.0046763,1.1268e-07,2.9033e-05,0,0,0,5.2204e-34,2.2091e-33,1.017e-30,0,0,0,0,0,0,9.5526e-20,8.6537e-11,2.697e-14,2.1093e-28,0,7.2973e-05,0.0032261,2.4411e-05,1.1025e-14,1.3143e-18,2.0813e-08,1.1223e-07,6.6158e-09,2.4656e-13,4.0091e-10,5.0279e-20,9.2078e-24,3.3066e-14,2.0452e-12,2.9767e-14,8.6829e-07,8.9849e-21,1.5948e-09,2.2908e-07,8.0057e-18,3.0547e-09,1.2263e-11,0,0,1.036e-08,4.5256e-06,0,0,0,1.393e-13,0.0074975,0,0,0,0.032026,4.2107e-13,0.9987
0.025548,0,0,0,1.2876e-22,5.1716e-10,4.1031e-16,4.072e-29,0,1.0594e-15,1.771e-08,1.3079e-12,0.0051347,0.019519,0.0046666,1.124e-07,2.9021e-05,0,0,0,4.9366e-34,2.0808e-33,9.597e-31,0,0,0,0,0,0,9.5326e-20,8.6736e-11,2.6969e-14,2.1011e-28,0,8.0438e-05,0.0035405,2.6846e-05,1.1062e-14,1.316e-18,2.073e-08,1.12e-07,6.6156e-09,2.4597e-13,4.0077e-10,3.9961e-20,7.3017e-24,2.6191e-14,1.613e-12,2.3523e-14,8.6999e-07,9.0643e-21,1.5943e-09,2.3011e-07,8.0325e-18,3.0798e-09,1.2333e-11,0,0,1.0402e-08,5.6582e-06,0,0,0,1.3962e-13,0.0075335,0,0,0,0.032097,4.2016e-13,0.99869
0.028102,0,0,0,1.2851e-22,5.1857e-10,4.104e-16,4.0561e-29,0,1.0689e-15,1.7775e-08,1.3098e-12,0.0051345,0.019438,0.0046562,1.1216e-07,2.9023e-05,0,0,0,4.6741e-34,1.9619e-33,9.0664e-31,0,0,0,0,0,0,9.5114e-20,8.6948e-11,2.6968e-14,2.0924e-28,0,8.8476e-05,0.0038763,2.9455e-05,1.1102e-14,1.3179e-18,2.0643e-08,1.1175e-07,6.6156e-09,2.4543e-13,4.0078e-10,3.2156e-20,5.8607e-24,2.0999e-14,1.2871e-12,1.8813e-14,8.7216e-07,9.1687e-21,1.5943e-09,2.3134e-07,8.062e-18,3.1071e-09,1.2408e-11,0,0,1.0448e-08,7.0409e-06,0,0,0,1.3996e-13,0.0075723,0,0,0,0.032173,4.192e-13,0.99869
0.030913,0,0,0,1.2819e-22,5.1985e-10,4.1035e-16,4.0378e-29,0,1.0774e-15,1.7843e-08,1.3118e-12,0.0051344,0.019351,0.0046453,1.1186e-07,2.9013e-05,0,0,0,4.4349e-34,1.8533e-33,8.5827e-31,0,0,0,0,0,0,9.489e-20,8.7173e-11,2.6967e-14,2.0832e-28,0,9.7061e-05,0.0042312,3.2229e-05,1.1145e-14,1.3198e-18,2.055e-08,1.1148e-07,6.6153e-09,2.4478e-13,4.0064e-10,2.6229e-20,4.7682e-24,1.7062e-14,1.0407e-12,1.5246e-14,8.7415e-07,9.2761e-21,1.5937e-09,2.3253e-07,8.0927e-18,3.1359e-09,1.2488e-11,0,0,1.0496e-08,8.684e-06,0,0,0,1.4032e-13,0.0076132,0,0,0,0.032254,4.1818e-13,0.99868
0.034004,0,0,0,1.279e-22,5.2139e-10,4.1042e-16,4.0202e-29,0,1.0879e-15,1.7915e-08,1.3138e-12,0.0051343,0.019261,0.0046337,1.1158e-07,2.9011e-05,0,0,0,4.2225e-34,1.7562e-33,8.1513e-31,0,0,0,0,0,0,9.4655e-20,8.7412e-11,2.6966e-14,2.0736e-28,0,0.00010621,0.0046059,3.5167e-05,1.1189e-14,1.3219e-18,2.0453e-08,1.1121e-07,6.6152e-09,2.4416e-13,4.0061e-10,2.1729e-20,3.939e-24,1.4079e-14,8.5417e-13,1.2545e-14,8.7649e-07,9.3832e-21,1.5936e-09,2.3388e-07,8.1252e-18,3.1667e-09,1.2573e-11,0,0,1.0548e-08,1.0568e-05,0,0,0,1.4071e-13,0.0076572,0,0,0,0.03234,4.1711e-13,0.99867
0.037404,0,0,0,1.2758e-22,5.2295e-10,4.1044e-16,4.0009e-29,0,1.0985e-15,1.799e-08,1.3159e-12,0.0051342,0.019166,0.0046215,1.1126e-07,2.9005e-05,0,0,0,4.0312e-34,1.6684e-33,7.7618e-31,0,0,0,0,0,0,9.4406e-20,8.7665e-11,2.6965e-14,2.0635e-28,0,0.00011597,0.0050016,3.8286e-05,1.1236e-14,1.324e-18,2.0352e-08,1.1091e-07,6.6151e-09,2.4347e-13,4.0053e-10,1.8206e-20,3.2906e-24,1.1746e-14,7.0872e-13,1.0436e-14,8.7887e-07,9.5167e-21,1.5932e-09,2.3529e-07,8.1592e-18,3.1993e-09,1.2662e-11,0,0,1.0602e-08,1.2719e-05,0,0,0,1.4112e-13,0.0077037,0,0,0,0.03243,4.1598e-13,0.99866
0.041145,0,0,0,1.2723e-22,5.2456e-10,4.1043e-16,3.9805e-29,0,1.1096e-15,1.8068e-08,1.318e-12,0.005134,0.019066,0.0046087,1.1094e-07,2.8998e-05,0,0,0,3.8576e-34,1.5883e-33,7.4072e-31,0,0,0,0,0,0,9.4144e-20,8.7933e-11,2.6964e-14,2.0529e-28,0,0.00012638,0.0054191,4.1596e-05,1.1285e-14,1.3262e-18,2.0245e-08,1.1061e-07,6.6149e-09,2.4275e-13,4.0043e-10,1.5417e-20,2.7779e-24,9.9029e-15,5.9404e-13,8.771e-15,8.8137e-07,9.6439e-21,1.5929e-09,2.3677e-07,8.1947e-18,3.234e-09,1.2756e-11,0,0,1.0658e-08,1.5165e-05,0,0,0,1.4155e-13,0.007753,0,0,0,0.032526,4.1479e-13,0.99866
0.045259,0,0,0,1.2688e-22,5.2637e-10,4.105e-16,3.9597e-29,0,1.122e-15,1.8151e-08,1.3202e-12,0.0051339,0.018961,0.0045953,1.106e-07,2.8994e-05,0,0,0,3.699e-34,1.5147e-33,7.0822e-31,0,0,0,0,0,0,9.387e-20,8.8217e-11,2.6963e-14,2.0418e-28,0,0.00013749,0.0058593,4.5103e-05,1.1337e-14,1.3284e-18,2.0133e-08,1.1028e-07,6.6147e-09,2.4201e-13,4.0037e-10,1.319e-20,2.3688e-24,8.4339e-15,5.028e-13,7.4453e-15,8.8411e-07,9.7952e-21,1.5926e-09,2.3838e-07,8.232e-18,3.2708e-09,1.2855e-11,0,0,1.0718e-08,1.7935e-05,0,0,0,1.42e-13,0.0078057,0,0,0,0.032627,4.1354e-13,0.99865
0.049785,0,0,0,1.2651e-22,5.2822e-10,4.1053e-16,3.9377e-29,0,1.1349e-15,1.8236e-08,1.3224e-12,0.0051337,0.018852,0.0045811,1.1024e-07,2.8988e-05,0,0,0,3.5532e-34,1.4466e-33,6.7822e-31,0,0,0,0,0,0,9.3581e-20,8.8517e-11,2.6961e-14,2.0302e-28,0,0.00014934,0.0063234,4.8822e-05,1.139e-14,1.3306e-18,2.0016e-08,1.0995e-07,6.6145e-09,2.4123e-13,4.0029e-10,1.138e-20,2.0369e-24,7.2425e-15,4.2898e-13,6.3715e-15,8.8696e-07,9.9457e-21,1.5923e-09,2.4007e-07,8.2708e-18,3.3099e-09,1.296e-11,0,0,1.078e-08,2.1062e-05,0,0,0,1.4249e-13,0.0078616,0,0,0,0.032735,4.1223e-13,0.99864
0.054764,0,0,0,1.2608e-22,5.3004e-10,4.1045e-16,3.9136e-29,0,1.1481e-15,1.8326e-08,1.3247e-12,0.0051335,0.018738,0.0045664,1.0986e-07,2.8979e-05,0,0,0,3.4183e-34,1.3833e-33,6.5041e-31,0,0,0,0,0,0,9.3278e-20,8.8835e-11,2.696e-14,2.018e-28,0,0.00016196,0.0068105,5.2754e-05,1.1446e-14,1.3328e-18,1.9893e-08,1.0959e-07,6.6142e-09,2.4039e-13,4.0016e-10,9.8943e-21,1.7645e-24,6.2657e-15,3.6861e-13,5.4924e-15,8.899e-07,1.0097e-20,1.5918e-09,2.4185e-07,8.3111e-18,3.3512e-09,1.307e-11,0,0,1.0846e-08,2.4579e-05,0,0,0,1.43e-13,0.0079207,0,0,0,0.032848,4.1086e-13,0.99863
0.06024,0,0,0,1.2569e-22,5.3218e-10,4.1054e-16,3.8903e-29,0,1.1633e-15,1.8418e-08,1.3269e-12,0.0051333,0.01862,0.0045509,1.0947e-07,2.8974e-05,0,0,0,3.2934e-34,1.3243e-33,6.2454e-31,0,0,0,0,0,0,9.2964e-20,8.9169e-11,2.6958e-14,2.0055e-28,0,0.00017534,0.0073209,5.6894e-05,1.1504e-14,1.3351e-18,1.9766e-08,1.0922e-07,6.614e-09,2.3954e-13,4.001e-10,8.6745e-21,1.5411e-24,5.4656e-15,3.1924e-13,4.7726e-15,8.9312e-07,1.0284e-20,1.5915e-09,2.4377e-07,8.353e-18,3.3949e-09,1.3185e-11,0,0,1.0914e-08,2.8522e-05,0,0,0,1.4354e-13,0.0079837,0,0,0,0.032967,4.0942e-13,0.99862
0.066264,0,0,0,1.2528e-22,5.3442e-10,4.1063e-16,3.866e-29,0,1.1792e-15,1.8514e-08,1.3292e-12,0.0051331,0.018496,0.0045347,1.0907e-07,2.8968e-05,0,0,0,3.1771e-34,1.2691e-33,6.0037e-31,0,0,0,0,0,0,9.2635e-20,8.9519e-11,2.6956e-14,1.9924e-28,0,0.00018954,0.0078556,6.1259e-05,1.1564e-14,1.3374e-18,1.9634e-08,1.0883e-07,6.6138e-09,2.3867e-13,4.0003e-10,7.6565e-21,1.3548e-24,4.7991e-15,2.7821e-13,4.1737e-15,8.965e-07,1.048e-20,1.5912e-09,2.4579e-07,8.3966e-18,3.441e-09,1.3306e-11,0,0,1.0985e-08,3.2927e-05,0,0,0,1.441e-13,0.0080498,0,0,0,0.033092,4.0792e-13,0.99861
0.07289,0,0,0,1.2481e-22,5.366e-10,4.1058e-16,3.8394e-29,0,1.1953e-15,1.8614e-08,1.3314e-12,0.0051329,0.018368,0.004518,1.0864e-07,2.896e-05,0,0,0,3.0684e-34,1.2172e-33,5.777e-31,0,0,0,0,0,0,9.2291e-20,8.9889e-11,2.6955e-14,1.9788e-28,0,0.00020466,0.0084153,6.5866e-05,1.1626e-14,1.3396e-18,1.9497e-08,1.0843e-07,6.6135e-09,2.3772e-13,3.9991e-10,6.7973e-21,1.1978e-24,4.2375e-15,2.4374e-13,3.67e-15,8.9999e-07,1.0672e-20,1.5907e-09,2.4791e-07,8.4415e-18,3.4897e-09,1.3433e-11,0,0,1.1059e-08,3.7836e-05,0,0,0,1.447e-13,0.0081198,0,0,0,0.033224,4.0636e-13,0.99859
0.08018,0,0,0,1.2433e-22,5.3896e-10,4.1058e-16,3.8123e-29,0,1.2129e-15,1.8717e-08,1.3337e-12,0.0051327,0.018235,0.0045005,1.082e-07,2.8952e-05,0,0,0,2.9666e-34,1.1683e-33,5.564e-31,0,0,0,0,0,0,9.1933e-20,9.0278e-11,2.6953e-14,1.9647e-28,0,0.0002207,0.009001,7.0719e-05,1.169e-14,1.3419e-18,1.9355e-08,1.0801e-07,6.6131e-09,2.3676e-13,3.9981e-10,6.072e-21,1.0653e-24,3.7643e-15,2.1475e-13,3.2459e-15,9.0369e-07,1.0884e-20,1.5903e-09,2.5016e-07,8.4881e-18,3.5412e-09,1.3566e-11,0,0,1.1136e-08,4.329e-05,0,0,0,1.4532e-13,0.0081939,0,0,0,0.033362,4.0473e-13,0.99858
0.088197,0,0,0,1.2385e-22,5.4149e-10,4.1062e-16,3.7846e-29,0,1.2319e-15,1.8823e-08,1.3359e-12,0.0051324,0.018098,0.0044823,1.0774e-07,2.8946e-05,0,0,0,2.871e-34,1.1222e-33,5.3632e-31,0,0,0,0,0,0,9.1561e-20,9.0686e-11,2.6951e-14,1.9501e-28,0,0.00023774,0.0096132,7.5829e-05,1.1757e-14,1.3442e-18,1.9207e-08,1.0757e-07,6.6128e-09,2.3576e-13,3.9971e-10,5.4554e-21,9.5271e-25,3.3628e-15,1.902e-13,2.8864e-15,9.0761e-07,1.112e-20,1.5899e-09,2.5255e-07,8.5363e-18,3.5955e-09,1.3705e-11,0,0,1.1217e-08,4.9335e-05,0,0,0,1.4598e-13,0.0082722,0,0,0,0.033508,4.0304e-13,0.99857
0.097017,0,0,0,1.2334e-22,5.4408e-10,4.1061e-16,3.7556e-29,0,1.2518e-15,1.8933e-08,1.3382e-12,0.0051322,0.017956,0.0044634,1.0726e-07,2.8938e-05,0,0,0,2.781e-34,1.0785e-33,5.1734e-31,0,0,0,0,0,0,9.1174e-20,9.1116e-11,2.6949e-14,1.935e-28,0,0.00025585,0.010253,8.1213e-05,1.1825e-14,1.3464e-18,1.9055e-08,1.0712e-07,6.6124e-09,2.3471e-13,3.996e-10,4.9264e-21,8.562e-25,3.0188e-15,1.6922e-13,2.5787e-15,9.1171e-07,1.1367e-20,1.5894e-09,2.5508e-07,8.5861e-18,3.6529e-09,1.385e-11,0,0,1.1301e-08,5.6019e-05,0,0,0,1.4667e-13,0.0083551,0,0,0,0.033661,4.0127e-13,0.99856
0.10672,0,0,0,1.2283e-22,5.4691e-10,4.1069e-16,3.7266e-29,0,1.2732e-15,1.9047e-08,1.3404e-12,0.0051319,0.01781,0.0044438,1.0678e-07,2.8931e-05,0,0,0,2.6962e-34,1.0371e-33,4.9939e-31,0,0,0,0,0,0,9.0776e-20,9.1562e-11,2.6947e-14,1.9195e-28,0,0.00027489,0.010915,8.6824e-05,1.1897e-14,1.3487e-18,1.8899e-08,1.0665e-07,6.6121e-09,2.3365e-13,3.9951e-10,4.4728e-21,7.7351e-25,2.7244e-15,1.513e-13,2.3156e-15,9.1601e-07,1.1636e-20,1.589e-09,2.5773e-07,8.6377e-18,3.7131e-09,1.4002e-11,0,0,1.1388e-08,6.3392e-05,0,0,0,1.4739e-13,0.0084417,0,0,0,0.033819,3.9946e-13,0.99854
0.11739,0,0,0,1.223e-22,5.4975e-10,4.1073e-16,3.6968e-29,0,1.2953e-15,1.9165e-08,1.3428e-12,0.0051316,0.017662,0.004424,1.0628e-07,2.8923e-05,0,0,0,2.6162e-34,9.9804e-34,4.8244e-31,0,0,0,0,0,0,9.0371e-20,9.2021e-11,2.6944e-14,1.9039e-28,0,0.00029475,0.011593,9.2621e-05,1.197e-14,1.3511e-18,1.874e-08,1.0617e-07,6.6117e-09,2.3256e-13,3.9941e-10,4.081e-21,7.0217e-25,2.4703e-15,1.3589e-13,2.089e-15,9.2041e-07,1.1912e-20,1.5886e-09,2.6047e-07,8.691e-18,3.776e-09,1.4159e-11,0,0,1.1478e-08,7.1485e-05,0,0,0,1.4813e-13,0.0085314,0,0,0,0.033982,3.9761e-13,0.99853
0.12913,0,0,0,1.2175e-22,5.526e-10,4.1071e-16,3.6662e-29,0,1.3182e-15,1.9287e-08,1.3452e-12,0.0051312,0.017513,0.0044038,1.0577e-07,2.8915e-05,0,0,0,2.5408e-34,9.6112e-34,4.6643e-31,0,0,0,0,0,0,8.9958e-20,9.2495e-11,2.6942e-14,1.888e-28,0,0.00031545,0.012287,9.8608e-05,1.2046e-14,1.3535e-18,1.858e-08,1.0569e-07,6.6113e-09,2.3145e-13,3.9929e-10,3.7413e-21,6.4037e-25,2.2502e-15,1.2259e-13,1.8929e-15,9.2495e-07,1.2204e-20,1.5881e-09,2.6331e-07,8.7461e-18,3.8417e-09,1.4322e-11,0,0,1.1572e-08,8.0317e-05,0,0,0,1.4889e-13,0.0086246,0,0,0,0.03415,3.9572e-13,0.99851
0.14204,0,0,0,1.212e-22,5.5559e-10,4.1074e-16,3.6357e-29,0,1.3423e-15,1.9413e-08,1.3478e-12,0.0051309,0.017362,0.0043833,1.0526e-07,2.8907e-05,0,0,0,2.4698e-34,9.2623e-34,4.5131e-31,0,0,0,0,0,0,8.9539e-20,9.2982e-11,2.6939e-14,1.872e-28,0,0.00033698,0.012996,0.00010478,1.2125e-14,1.3561e-18,1.8418e-08,1.052e-07,6.6109e-09,2.3033e-13,3.9918e-10,3.4459e-21,5.8666e-25,2.0589e-15,1.1105e-13,1.7228e-15,9.2963e-07,1.2494e-20,1.5876e-09,2.6626e-07,8.803e-18,3.9101e-09,1.4492e-11,0,0,1.1669e-08,8.9927e-05,0,0,0,1.4967e-13,0.0087209,0,0,0,0.034323,3.9381e-13,0.9985
0.15625,0,0,0,1.2066e-22,5.5871e-10,4.1079e-16,3.6052e-29,0,1.3676e-15,1.9543e-08,1.3505e-12,0.0051306,0.017209,0.0043624,1.0474e-07,2.89e-05,0,0,0,2.4028e-34,8.9321e-34,4.3701e-31,0,0,0,0,0,0,8.9114e-20,9.3481e-11,2.6937e-14,1.8559e-28,0,0.00035935,0.01372,0.00011112,1.2206e-14,1.3589e-18,1.8255e-08,1.047e-07,6.6104e-09,2.2919e-13,3.9908e-10,3.1877e-21,5.3975e-25,1.8919e-15,1.0101e-13,1.5743e-15,9.3443e-07,1.2838e-20,1.5872e-09,2.6931e-07,8.8619e-18,3.9814e-09,1.4667e-11,0,0,1.177e-08,0.00010035,0,0,0,1.5048e-13,0.0088204,0,0,0,0.0345,3.9186e-13,0.99848
0.17187,0,0,0,1.2011e-22,5.6192e-10,4.1086e-16,3.5747e-29,0,1.394e-15,1.9677e-08,1.3533e-12,0.0051302,0.017056,0.0043414,1.0422e-07,2.8892e-05,0,0,0,2.3394e-34,8.6196e-34,4.2347e-31,0,0,0,0,0,0,8.8684e-20,9.3992e-11,2.6934e-14,1.8397e-28,0,0.00038254,0.014456,0.00011764,1.229e-14,1.3617e-18,1.809e-08,1.0419e-07,6.61e-09,2.2805e-13,3.9898e-10,2.961e-21,4.9859e-25,1.7453e-15,9.2229e-14,1.4443e-15,9.3936e-07,1.3181e-20,1.5868e-09,2.7246e-07,8.9225e-18,4.0556e-09,1.4849e-11,0,0,1.1874e-08,0.00011163,0,0,0,1.513e-13,0.008923,0,0,0,0.03468,3.899e-13,0.99847
0.18906,0,0,0,1.1955e-22,5.6516e-10,4.1091e-16,3.5439e-29,0,1.4213e-15,1.9815e-08,1.3563e-12,0.0051298,0.016903,0.0043201,1.0369e-07,2.8884e-05,0,0,0,0,8.3233e-34,4.1063e-31,0,0,0,0,0,0,8.825e-20,9.4514e-11,2.6931e-14,1.8234e-28,0,0.00040657,0.015204,0.00012432,1.2376e-14,1.3647e-18,1.7925e-08,1.0368e-07,6.6095e-09,2.2689e-13,3.9886e-10,2.761e-21,4.623e-25,1.616e-15,8.4504e-14,1.3297e-15,9.4438e-07,1.3538e-20,1.5863e-09,2.7569e-07,8.9851e-18,4.1326e-09,1.5036e-11,0,0,1.1982e-08,0.00012379,0,0,0,1.5214e-13,0.0090285,0,0,0,0.034865,3.8791e-13,0.99845
0.20797,0,0,0,1.1894e-22,5.6832e-10,4.1084e-16,3.5119e-29,0,1.4489e-15,1.9957e-08,1.3594e-12,0.0051294,0.016748,0.0042987,1.0315e-07,2.8875e-05,0,0,0,0,8.0421e-34,3.9844e-31,0,0,0,0,0,0,8.7812e-20,9.5048e-11,2.6928e-14,1.807e-28,0,0.00043146,0.015964,0.00013118,1.2465e-14,1.3678e-18,1.776e-08,1.0317e-07,6.6089e-09,2.2571e-13,3.9874e-10,2.5839e-21,4.3017e-25,1.5013e-15,7.7681e-14,1.2283e-15,9.4951e-07,1.3906e-20,1.5858e-09,2.7902e-07,9.0496e-18,4.2126e-09,1.523e-11,0,0,1.2093e-08,0.00013686,0,0,0,1.53e-13,0.009137,0,0,0,0.035053,3.8591e-13,0.99843
0.22876,0,0,0,1.1837e-22,5.7167e-10,4.1086e-16,3.4806e-29,0,1.4781e-15,2.0104e-08,1.3627e-12,0.005129,0.016594,0.0042771,1.0261e-07,2.8867e-05,0,0,0,0,7.7751e-34,3.8686e-31,0,0,0,0,0,0,8.737e-20,9.5592e-11,2.6925e-14,1.7906e-28,0,0.00045722,0.016736,0.0001382,1.2557e-14,1.3711e-18,1.7594e-08,1.0265e-07,6.6084e-09,2.2454e-13,3.9863e-10,2.4271e-21,4.0171e-25,1.3998e-15,7.1649e-14,1.1386e-15,9.5475e-07,1.4296e-20,1.5853e-09,2.8245e-07,9.1161e-18,4.2958e-09,1.543e-11,0,0,1.2208e-08,0.0001509,0,0,0,1.5388e-13,0.0092486,0,0,0,0.035245,3.8389e-13,0.99842
0.25164,0,0,0,1.1779e-22,5.7512e-10,4.1091e-16,3.4496e-29,0,1.5086e-15,2.0256e-08,1.3661e-12,0.0051286,0.016439,0.0042553,1.0207e-07,2.8859e-05,0,0,0,0,7.5215e-34,3.7586e-31,0,0,0,0,0,0,8.6926e-20,9.6147e-11,2.6922e-14,1.7743e-28,0,0.00048383,0.017519,0.00014538,1.2652e-14,1.3745e-18,1.7428e-08,1.0213e-07,6.6079e-09,2.2336e-13,3.9852e-10,2.2876e-21,3.764e-25,1.3094e-15,6.6294e-14,1.0587e-15,9.6011e-07,1.4706e-20,1.5848e-09,2.8598e-07,9.1846e-18,4.3821e-09,1.5637e-11,0,0,1.2328e-08,0.00016592,0,0,0,1.5477e-13,0.0093633,0,0,0,0.035441,3.8185e-13,0.9984
0.2768,0,0,0,1.172e-22,5.7859e-10,4.1092e-16,3.4183e-29,0,1.54e-15,2.0412e-08,1.3697e-12,0.0051281,0.016285,0.0042335,1.0153e-07,2.8851e-05,0,0,0,0,7.2803e-34,3.6539e-31,0,0,0,0,0,0,8.6479e-20,9.6713e-11,2.6919e-14,1.7579e-28,0,0.00051134,0.018312,0.00015272,1.2749e-14,1.3781e-18,1.7262e-08,1.016e-07,6.6073e-09,2.2217e-13,3.984e-10,2.1632e-21,3.538e-25,1.2286e-15,6.1519e-14,9.8746e-16,9.6556e-07,1.5134e-20,1.5844e-09,2.896e-07,9.2552e-18,4.4717e-09,1.585e-11,0,0,1.245e-08,0.00018195,0,0,0,1.5568e-13,0.0094811,0,0,0,0.03564,3.7981e-13,0.99838
0.30448,0,0,0,1.166e-22,5.8205e-10,4.1089e-16,3.3866e-29,0,1.5721e-15,2.0573e-08,1.3734e-12,0.0051277,0.01613,0.0042115,1.0098e-07,2.8842e-05,0,0,0,0,7.0505e-34,3.5541e-31,0,0,0,0,0,0,8.603e-20,9.7288e-11,2.6916e-14,1.7415e-28,0,0.00053973,0.019115,0.00016023,1.2849e-14,1.3819e-18,1.7096e-08,1.0107e-07,6.6066e-09,2.2097e-13,3.9828e-10,2.0519e-21,3.3358e-25,1.1562e-15,5.725e-14,9.2364e-16,9.711e-07,1.5576e-20,1.5839e-09,2.933e-07,9.3278e-18,4.5645e-09,1.607e-11,0,0,1.2577e-08,0.00019904,0,0,0,1.566e-13,0.0096015,0,0,0,0.035842,3.7775e-13,0.99836
0.33493,0,0,0,1.1602e-22,5.857e-10,4.1095e-16,3.3559e-29,0,1.6059e-15,2.0738e-08,1.3774e-12,0.0051272,0.015976,0.0041895,1.0044e-07,2.8834e-05,0,0,0,0,6.8319e-34,3.4591e-31,0,0,0,0,0,0,8.5581e-20,9.7872e-11,2.6912e-14,1.7253e-28,0,0.00056898,0.019926,0.00016788,1.2952e-14,1.3859e-18,1.693e-08,1.0055e-07,6.6061e-09,2.1978e-13,3.9816e-10,1.9524e-21,3.1546e-25,1.0912e-15,5.343e-14,8.6644e-16,9.7673e-07,1.6043e-20,1.5834e-09,2.9711e-07,9.4025e-18,4.6606e-09,1.6296e-11,0,0,1.2708e-08,0.0002172,0,0,0,1.5754e-13,0.0097249,0,0,0,0.036048,3.7569e-13,0.99835
0.36842,0,0,0,1.1543e-22,5.8936e-10,4.1097e-16,3.325e-29,0,1.6406e-15,2.0907e-08,1.3815e-12,0.0051267,0.015823,0.0041675,9.989e-08,2.8825e-05,0,0,0,0,6.6237e-34,3.3685e-31,0,0,0,0,0,0,8.5131e-20,9.8464e-11,2.6909e-14,1.7091e-28,0,0.00059909,0.020744,0.00017567,1.3058e-14,1.39e-18,1.6766e-08,1.0002e-07,6.6054e-09,2.1858e-13,3.9805e-10,1.863e-21,2.9918e-25,1.0327e-15,4.9995e-14,8.1494e-16,9.8245e-07,1.6529e-20,1.5829e-09,3.01e-07,9.4792e-18,4.76e-09,1.6529e-11,0,0,1.2843e-08,0.00023645,0,0,0,1.585e-13,0.0098511,0,0,0,0.036255,3.7362e-13,0.99833
0.40526,0,0,0,1.1486e-22,5.9314e-10,4.1105e-16,3.2949e-29,0,1.6766e-15,2.1081e-08,1.3858e-12,0.0051262,0.015671,0.0041455,9.9346e-08,2.8817e-05,0,0,0,0,6.4256e-34,3.2821e-31,0,0,0,0,0,0,8.4682e-20,9.9062e-11,2.6905e-14,1.6931e-28,0,0.00062996,0.021568,0.00018358,1.3167e-14,1.3943e-18,1.6603e-08,9.949e-08,6.6048e-09,2.1739e-13,3.9793e-10,1.7827e-21,2.8451e-25,9.8002e-16,4.6905e-14,7.6853e-16,9.8823e-07,1.7035e-20,1.5824e-09,3.0496e-07,9.5577e-18,4.8625e-09,1.6768e-11,0,0,1.2981e-08,0.0002568,0,0,0,1.5946e-13,0.0099795,0,0,0,0.036465,3.7156e-13,0.99831
0.44579,0,0,0,1.1427e-22,5.9676e-10,4.1103e-16,3.2646e-29,0,1.7124e-15,2.1254e-08,1.3901e-12,0.0051257,0.015523,0.0041239,9.8811e-08,2.8808e-05,0,0,0,0,6.238e-34,3.2001e-31,0,0,0,0,0,0,8.4241e-20,9.9659e-11,2.6901e-14,1.6774e-28,0,0.00066117,0.022384,0.00019149,1.3275e-14,1.3986e-18,1.6444e-08,9.8972e-08,6.6042e-09,2.1622e-13,3.9782e-10,1.7099e-21,2.7122e-25,9.322e-16,4.4117e-14,7.2655e-16,9.9398e-07,1.755e-20,1.5819e-09,3.0895e-07,9.6363e-18,4.9663e-09,1.7008e-11,0,0,1.3119e-08,0.00027822,0,0,0,1.6042e-13,0.010109,0,0,0,0.036674,3.6953e-13,0.99829
0.49037,0,0,0,1.1371e-22,6.0044e-10,4.1107e-16,3.2356e-29,0,1.7491e-15,2.1428e-08,1.3944e-12,0.0051252,0.015378,0.0041027,9.8286e-08,2.88e-05,0,0,0,0,6.0605e-34,3.1223e-31,0,0,0,0,0,0,8.3807e-20,1.0025e-10,2.6898e-14,1.6621e-28,0,0.0006927,0.023192,0.00019941,1.3384e-14,1.403e-18,1.6288e-08,9.8462e-08,6.6035e-09,2.1507e-13,3.977e-10,1.6438e-21,2.5915e-25,8.8879e-16,4.1597e-14,6.8851e-16,9.9971e-07,1.8056e-20,1.5814e-09,3.1294e-07,9.715e-18,5.0714e-09,1.7249e-11,0,0,1.3259e-08,0.00030068,0,0,0,1.6138e-13,0.010238,0,0,0,0.036882,3.6754e-13,0.99827
0.53941,0,0,0,1.1315e-22,6.0407e-10,4.1107e-16,3.2071e-29,0,1.7863e-15,2.1602e-08,1.3988e-12,0.0051246,0.015237,0.0040819,9.777e-08,2.8792e-05,0,0,0,0,5.8922e-34,3.0485e-31,0,0,0,0,0,0,8.3382e-20,1.0084e-10,2.6894e-14,1.6471e-28,0,0.0007245,0.023992,0.00020731,1.3493e-14,1.4074e-18,1.6136e-08,9.7962e-08,6.6028e-09,2.1394e-13,3.9758e-10,1.5835e-21,2.4816e-25,8.492e-16,3.931e-14,6.5391e-16,1.0054e-06,1.8636e-20,1.5809e-09,3.1694e-07,9.7937e-18,5.1777e-09,1.7492e-11,0,0,1.3399e-08,0.00032417,0,0,0,1.6233e-13,0.010367,0,0,0,0.037088,3.6558e-13,0.99825
0.59335,0,0,0,1.1261e-22,6.0771e-10,4.111e-16,3.1795e-29,0,1.8211e-15,2.1776e-08,1.4032e-12,0.0051241,0.0151,0.0040615,9.7266e-08,2.8783e-05,0,0,0,0,5.7332e-34,2.9783e-31,0,0,0,0,0,0,8.2965e-20,1.0143e-10,2.689e-14,1.6326e-28,0,0.00075651,0.024784,0.00021518,1.3601e-14,1.4118e-18,1.5989e-08,9.7473e-08,6.6021e-09,2.1284e-13,3.9747e-10,1.5285e-21,2.3813e-25,8.1311e-16,3.7233e-14,6.2239e-16,1.0111e-06,1.9116e-20,1.5804e-09,3.2096e-07,9.8725e-18,5.2852e-09,1.7736e-11,0,0,1.354e-08,0.00034869,0,0,0,1.6327e-13,0.010497,0,0,0,0.037292,3.6367e-13,0.99823
0.65268,0,0,0,1.1208e-22,6.1131e-10,4.1113e-16,3.1525e-29,0,1.8594e-15,2.195e-08,1.4076e-12,0.0051236,0.014965,0.0040415,9.6772e-08,2.8775e-05,0,0,0,0,5.5822e-34,2.9117e-31,0,0,0,0,0,0,8.2557e-20,1.0201e-10,2.6886e-14,1.6185e-28,0,0.0007887,0.025565,0.00022303,1.371e-14,1.4163e-18,1.5844e-08,9.6994e-08,6.6014e-09,2.1176e-13,3.9736e-10,1.4783e-21,2.2896e-25,7.8006e-16,3.534e-14,5.9361e-16,1.0167e-06,1.9684e-20,1.58e-09,3.2496e-07,9.9512e-18,5.3935e-09,1.798e-11,0,0,1.3682e-08,0.00037422,0,0,0,1.642e-13,0.010626,0,0,0,0.037495,3.6179e-13,0.99822
0.71795,0,0,0,1.1156e-22,6.1487e-10,4.1115e-16,3.1263e-29,0,1.8996e-15,2.2124e-08,1.412e-12,0.0051231,0.014835,0.0040219,9.6289e-08,2.8767e-05,0,0,0,0,5.4391e-34,2.8483e-31,0,0,0,0,0,0,8.2158e-20,1.0258e-10,2.6883e-14,1.6047e-28,0,0.00082103,0.026336,0.00023084,1.3819e-14,1.4208e-18,1.5704e-08,9.6524e-08,6.6007e-09,2.107e-13,3.9725e-10,1.4322e-21,2.2055e-25,7.4974e-16,3.3612e-14,5.6725e-16,1.0222e-06,2.0294e-20,1.5795e-09,3.2896e-07,1.003e-17,5.5027e-09,1.8225e-11,0,0,1.3823e-08,0.00040074,0,0,0,1.6513e-13,0.010755,0,0,0,0.037695,3.5995e-13,0.9982
0.78975,0,0,0,1.1105e-22,6.1837e-10,4.1116e-16,3.1007e-29,0,1.9378e-15,2.2298e-08,1.4165e-12,0.0051225,0.014708,0.0040028,9.5817e-08,2.876e-05,0,0,0,0,5.3034e-34,2.788e-31,0,0,0,0,0,0,8.1767e-20,1.0315e-10,2.6879e-14,1.5913e-28,0,0.00085347,0.027096,0.0002386,1.3927e-14,1.4253e-18,1.5568e-08,9.6066e-08,6.6e-09,2.0967e-13,3.9714e-10,1.39e-21,2.1284e-25,7.2187e-16,3.203e-14,5.4308e-16,1.0277e-06,2.087e-20,1.579e-09,3.3294e-07,1.0108e-17,5.6126e-09,1.847e-11,0,0,1.3965e-08,0.00042822,0,0,0,1.6604e-13,0.010884,0,0,0,0.037893,3.5815e-13,0.99818
0.86872,0,0,0,1.1055e-22,6.2183e-10,4.1116e-16,3.0759e-29,0,1.9763e-15,2.2471e-08,1.421e-12,0.005122,0.014585,0.0039842,9.5357e-08,2.8752e-05,0,0,0,0,5.1748e-34,2.7307e-31,0,0,0,0,0,0,8.1387e-20,1.0371e-10,2.6875e-14,1.5783e-28,0,0.00088592,0.027845,0.00024629,1.4035e-14,1.4298e-18,1.5435e-08,9.5619e-08,6.5994e-09,2.0866e-13,3.9704e-10,1.3511e-21,2.0574e-25,6.9623e-16,3.0581e-14,5.2087e-16,1.0331e-06,2.1454e-20,1.5786e-09,3.3691e-07,1.0187e-17,5.7231e-09,1.8715e-11,0,0,1.4107e-08,0.00045663,0,0,0,1.6695e-13,0.011012,0,0,0,0.038088,3.5639e-13,0.99816
0.95559,0,0,0,1.1007e-22,6.2531e-10,4.1121e-16,3.052e-29,0,2.015e-15,2.2643e-08,1.4256e-12,0.0051214,0.014466,0.003966,9.4907e-08,2.8744e-05,0,0,0,0,5.0527e-34,2.6762e-31,0,0,0,0,0,0,8.1015e-20,1.0427e-10,2.6872e-14,1.5657e-28,0,0.00091842,0.028581,0.00025393,1.4143e-14,1.4344e-18,1.5307e-08,9.5182e-08,6.5987e-09,2.0768e-13,3.9693e-10,1.3154e-21,1.992e-25,6.7256e-16,2.9249e-14,5.0041e-16,1.0385e-06,2.2052e-20,1.5782e-09,3.4086e-07,1.0265e-17,5.8342e-09,1.8959e-11,0,0,1.4249e-08,0.00048593,0,0,0,1.6784e-13,0.011139,0,0,0,0.03828,3.5468e-13,0.99814
1.0512,0,0,0,1.0959e-22,6.2868e-10,4.1122e-16,3.0287e-29,0,2.0506e-15,2.2815e-08,1.4301e-12,0.0051209,0.01435,0.0039483,9.447e-08,2.8737e-05,0,0,0,0,4.9369e-34,2.6243e-31,0,0,0,0,0,0,8.0653e-20,1.0481e-10,2.6868e-14,1.5535e-28,0,0.00095086,0.029305,0.00026149,1.425e-14,1.439e-18,1.5182e-08,9.4756e-08,6.598e-09,2.0672e-13,3.9682e-10,1.2824e-21,1.9317e-25,6.5071e-16,2.8024e-14,4.8156e-16,1.0438e-06,2.2587e-20,1.5777e-09,3.4478e-07,1.0342e-17,5.9455e-09,1.9204e-11,0,0,1.4391e-08,0.00051609,0,0,0,1.6872e-13,0.011265,0,0,0,0.03847,3.5301e-13,0.99813
1.1563,0,0,0,1.0913e-22,6.3203e-10,4.1124e-16,3.0062e-29,0,2.0921e-15,2.2985e-08,1.4347e-12,0.0051204,0.014238,0.003931,9.4044e-08,2.8729e-05,0,0,0,0,4.827e-34,2.5749e-31,0,0,0,0,0,0,8.0301e-20,1.0535e-10,2.6864e-14,1.5417e-28,0,0.0009832,0.030016,0.00026896,1.4356e-14,1.4436e-18,1.5062e-08,9.4342e-08,6.5973e-09,2.0579e-13,3.9672e-10,1.252e-21,1.876e-25,6.305e-16,2.6896e-14,4.6415e-16,1.0489e-06,2.3246e-20,1.5773e-09,3.4866e-07,1.0419e-17,6.057e-09,1.9447e-11,0,0,1.4532e-08,0.00054706,0,0,0,1.6958e-13,0.01139,0,0,0,0.038656,3.5138e-13,0.99811
1.2719,0,0,0,1.0869e-22,6.353e-10,4.1125e-16,2.9844e-29,0,2.1305e-15,2.3155e-08,1.4393e-12,0.0051199,0.014129,0.0039142,9.363e-08,2.8722e-05,0,0,0,0,4.7227e-34,2.528e-31,0,0,0,0,0,0,7.9958e-20,1.0588e-10,2.6861e-14,1.5302e-28,0,0.0010153,0.030711,0.00027633,1.4462e-14,1.4482e-18,1.4945e-08,9.394e-08,6.5966e-09,2.0488e-13,3.9662e-10,1.2239e-21,1.8245e-25,6.1177e-16,2.5856e-14,4.4805e-16,1.054e-06,2.3849e-20,1.5769e-09,3.525e-07,1.0496e-17,6.1681e-09,1.9688e-11,0,0,1.4672e-08,0.00057878,0,0,0,1.7043e-13,0.011514,0,0,0,0.038839,3.498e-13,0.99809
1.3991,0,0,0,1.0825e-22,6.3851e-10,4.1126e-16,2.9633e-29,0,2.1688e-15,2.3322e-08,1.4438e-12,0.0051193,0.014024,0.003898,9.323e-08,2.8715e-05,0,0,0,0,4.624e-34,2.4833e-31,0,0,0,0,0,0,7.9626e-20,1.0639e-10,2.6857e-14,1.5192e-28,0,0.0010472,0.031392,0.00028358,1.4567e-14,1.4527e-18,1.4832e-08,9.355e-08,6.596e-09,2.0401e-13,3.9652e-10,1.1978e-21,1.7768e-25,5.944e-16,2.4895e-14,4.3314e-16,1.059e-06,2.4457e-20,1.5764e-09,3.5629e-07,1.0572e-17,6.2791e-09,1.9928e-11,0,0,1.4811e-08,0.00061118,0,0,0,1.7126e-13,0.011636,0,0,0,0.039018,3.4827e-13,0.99808
1.539,0,0,0,1.0783e-22,6.4165e-10,4.1128e-16,2.9472e-29,0,2.214e-15,2.3481e-08,1.4484e-12,0.0051188,0.01394,0.0038822,9.284e-08,2.8708e-05,0,0,0,0,4.5356e-34,2.4408e-31,0,0,0,0,0,0,7.9304e-20,1.069e-10,2.6853e-14,1.5106e-28,0,0.0010789,0.032056,0.00029073,1.467e-14,1.4573e-18,1.474e-08,9.3171e-08,6.5953e-09,2.0315e-13,3.9643e-10,1.1737e-21,1.7325e-25,5.7825e-16,2.4006e-14,4.1933e-16,1.0639e-06,2.5212e-20,1.576e-09,3.6053e-07,1.0647e-17,6.3963e-09,2.0165e-11,0,0,1.4949e-08,0.00064421,0,0,0,1.7208e-13,0.01177,0,0,0,0.039197,3.4678e-13,0.99806
1.6929,0,0,0,1.0743e-22,6.4475e-10,4.113e-16,2.9235e-29,0,2.2445e-15,2.3652e-08,1.4529e-12,0.0051183,0.013826,0.003867,9.2464e-08,2.8701e-05,0,0,0,0,4.4412e-34,2.4004e-31,0,0,0,0,0,0,7.8992e-20,1.074e-10,2.685e-14,1.4982e-28,0,0.0011102,0.032706,0.00029774,1.4773e-14,1.4619e-18,1.4618e-08,9.2805e-08,6.5946e-09,2.0233e-13,3.9633e-10,1.1514e-21,1.6915e-25,5.6326e-16,2.3182e-14,4.065e-16,1.0687e-06,2.567e-20,1.5756e-09,3.6371e-07,1.0721e-17,6.4994e-09,2.0401e-11,0,0,1.5087e-08,0.00067782,0,0,0,1.7288e-13,0.011874,0,0,0,0.039365,3.4534e-13,0.99804
1.8622,0,0,0,1.0704e-22,6.4776e-10,4.1132e-16,2.9046e-29,0,2.282e-15,2.3814e-08,1.4575e-12,0.0051178,0.013732,0.0038521,9.2099e-08,2.8695e-05,0,0,0,0,4.3568e-34,2.362e-31,0,0,0,0,0,0,7.8689e-20,1.0788e-10,2.6847e-14,1.4883e-28,0,0.0011412,0.033341,0.00030464,1.4874e-14,1.4665e-18,1.4517e-08,9.2449e-08,6.594e-09,2.0153e-13,3.9624e-10,1.1306e-21,1.6533e-25,5.4928e-16,2.2419e-14,3.9459e-16,1.0734e-06,2.6246e-20,1.5753e-09,3.6734e-07,1.0794e-17,6.6087e-09,2.0634e-11,0,0,1.5222e-08,0.00071194,0,0,0,1.7365e-13,0.011991,0,0,0,0.039532,3.4394e-13,0.99803
2.0484,0,0,0,1.0666e-22,6.5071e-10,4.1133e-16,2.8864e-29,0,2.3235e-15,2.3974e-08,1.462e-12,0.0051173,0.013641,0.0038378,9.1747e-08,2.8688e-05,0,0,0,0,4.2766e-34,2.3254e-31,0,0,0,0,0,0,7.8397e-20,1.0835e-10,2.6843e-14,1.4787e-28,0,0.0011718,0.033959,0.00031141,1.4974e-14,1.471e-18,1.4419e-08,9.2106e-08,6.5933e-09,2.0076e-13,3.9615e-10,1.1114e-21,1.6179e-25,5.3628e-16,2.1711e-14,3.835e-16,1.078e-06,2.6977e-20,1.5749e-09,3.7089e-07,1.0867e-17,6.7171e-09,2.0865e-11,0,0,1.5357e-08,0.00074651,0,0,0,1.7442e-13,0.012105,0,0,0,0.039696,3.4258e-13,0.99801
2.2532,0,0,0,1.0629e-22,6.5359e-10,4.1134e-16,2.8689e-29,0,2.3557e-15,2.4133e-08,1.4665e-12,0.0051168,0.013553,0.003824,9.1406e-08,2.8682e-05,0,0,0,0,4.2006e-34,2.2906e-31,0,0,0,0,0,0,7.8114e-20,1.0882e-10,2.684e-14,1.4695e-28,0,0.0012021,0.034562,0.00031804,1.5073e-14,1.4755e-18,1.4325e-08,9.1774e-08,6.5927e-09,2.0002e-13,3.9607e-10,1.0935e-21,1.5849e-25,5.2416e-16,2.1053e-14,3.7319e-16,1.0824e-06,2.7488e-20,1.5745e-09,3.744e-07,1.0938e-17,6.8248e-09,2.1092e-11,0,0,1.549e-08,0.00078145,0,0,0,1.7516e-13,0.012217,0,0,0,0.039855,3.4127e-13,0.998
2.4786,0,0,0,1.0593e-22,6.5642e-10,4.1136e-16,2.8522e-29,0,2.3921e-15,2.4289e-08,1.471e-12,0.0051163,0.01347,0.0038106,9.1076e-08,2.8676e-05,0,0,0,0,4.1285e-34,2.2574e-31,0,0,0,0,0,0,7.7841e-20,1.0927e-10,2.6836e-14,1.4607e-28,0,0.0012319,0.035149,0.00032453,1.517e-14,1.48e-18,1.4235e-08,9.1453e-08,6.5921e-09,1.993e-13,3.9598e-10,1.077e-21,1.5543e-25,5.1287e-16,2.0442e-14,3.6358e-16,1.0868e-06,2.8091e-20,1.5741e-09,3.7784e-07,1.1009e-17,6.9314e-09,2.1317e-11,0,0,1.5621e-08,0.00081669,0,0,0,1.7589e-13,0.012328,0,0,0,0.04001,3.4001e-13,0.99798
2.7264,0,0,0,1.0559e-22,6.5917e-10,4.1138e-16,2.8361e-29,0,2.428e-15,2.4442e-08,1.4754e-12,0.0051159,0.013389,0.0037977,9.0759e-08,2.867e-05,0,0,0,0,4.0601e-34,2.2259e-31,0,0,0,0,0,0,7.7578e-20,1.0971e-10,2.6833e-14,1.4522e-28,0,0.0012612,0.03572,0.00033087,1.5266e-14,1.4845e-18,1.4148e-08,9.1144e-08,6.5916e-09,1.986e-13,3.959e-10,1.0616e-21,1.5258e-25,5.0232e-16,1.9873e-14,3.5463e-16,1.091e-06,2.869e-20,1.5738e-09,3.8121e-07,1.1078e-17,7.0368e-09,2.1538e-11,0,0,1.5751e-08,0.00085214,0,0,0,1.766e-13,0.012436,0,0,0,0.040162,3.3879e-13,0.99797
3,0,0,0,1.0525e-22,6.6177e-10,4.1135e-16,2.8201e-29,0,2.4628e-15,2.4594e-08,1.4798e-12,0.0051154,0.013311,0.0037852,9.045e-08,2.8664e-05,0,0,0,0,3.9949e-34,2.1959e-31,0,0,0,0,0,0,7.7322e-20,1.1014e-10,2.683e-14,1.444e-28,0,0.00129,0.036275,0.00033708,1.5361e-14,1.4889e-18,1.4064e-08,9.0842e-08,6.5908e-09,1.9792e-13,3.9581e-10,1.0472e-21,1.4991e-25,4.9241e-16,1.9341e-14,3.4625e-16,1.0952e-06,2.9277e-20,1.5734e-09,3.845e-07,1.1147e-17,7.141e-09,2.1757e-11,0,0,1.5879e-08,0.00088776,0,0,0,1.7729e-13,0.012541,0,0,0,0.040309,3.376e-13,0.99795
3.3,0,0,0,1.0493e-22,6.6436e-10,4.1137e-16,2.8053e-29,0,2.4974e-15,2.4742e-08,1.4842e-12,0.005115,0.013237,0.0037732,9.0156e-08,2.8658e-05,0,0,0,0,3.9333e-34,2.1674e-31,0,0,0,0,0,0,7.7078e-20,1.1055e-10,2.6827e-14,1.4362e-28,0,0.0013182,0.036811,0.0003431,1.5453e-14,1.4933e-18,1.3984e-08,9.0556e-08,6.5903e-09,1.9728e-13,3.9574e-10,1.0339e-21,1.4743e-25,4.8321e-16,1.8848e-14,3.3846e-16,1.0992e-06,2.9863e-20,1.5731e-09,3.8771e-07,1.1214e-17,7.2434e-09,2.197e-11,0,0,1.6004e-08,0.00092352,0,0,0,1.7795e-13,0.012644,0,0,0,0.040451,3.3647e-13,0.99794
3.63,0,0,0,1.0463e-22,6.6687e-10,4.1139e-16,2.7911e-29,0,2.5312e-15,2.4887e-08,1.4885e-12,0.0051145,0.013165,0.0037617,8.9872e-08,2.8652e-05,0,0,0,0,3.875e-34,2.1403e-31,0,0,0,0,0,0,7.6842e-20,1.1095e-10,2.6824e-14,1.4287e-28,0,0.0013457,0.037331,0.00034896,1.5544e-14,1.4977e-18,1.3907e-08,9.028e-08,6.5897e-09,1.9666e-13,3.9566e-10,1.0215e-21,1.4513e-25,4.746e-16,1.8388e-14,3.3119e-16,1.103e-06,3.0437e-20,1.5728e-09,3.9083e-07,1.1279e-17,7.344e-09,2.218e-11,0,0,1.6127e-08,0.00095916,0,0,0,1.786e-13,0.012743,0,0,0,0.040588,3.3538e-13,0.99793
3.993,0,0,0,1.0434e-22,6.6929e-10,4.114e-16,2.7773e-29,0,2.5642e-15,2.5029e-08,1.4927e-12,0.0051141,0.013097,0.0037506,8.9599e-08,2.8647e-05,0,0,0,0,3.8196e-34,2.1146e-31,0,0,0,0,0,0,7.6616e-20,1.1134e-10,2.6821e-14,1.4214e-28,0,0.0013726,0.037833,0.00035466,1.5633e-14,1.5019e-18,1.3834e-08,9.0013e-08,6.5892e-09,1.9606e-13,3.9559e-10,1.01e-21,1.4298e-25,4.6654e-16,1.796e-14,3.2439e-16,1.1068e-06,3.1e-20,1.5725e-09,3.9386e-07,1.1344e-17,7.4427e-09,2.2385e-11,0,0,1.6248e-08,0.0009947,0,0,0,1.7922e-13,0.01284,0,0,0,0.040722,3.3433e-13,0.99791
4.3923,0,0,0,1.0405e-22,6.7164e-10,4.1142e-16,2.7636e-29,0,2.5964e-15,2.5169e-08,1.4969e-12,0.0051137,0.013031,0.00374,8.9337e-08,2.8642e-05,0,0,0,0,3.7672e-34,2.0902e-31,0,0,0,0,0,0,7.6398e-20,1.1171e-10,2.6818e-14,1.4146e-28,0,0.0013989,0.038318,0.00036018,1.572e-14,1.5061e-18,1.3763e-08,8.9758e-08,6.5886e-09,1.9549e-13,3.9551e-10,9.9932e-22,1.4097e-25,4.59e-16,1.756e-14,3.1804e-16,1.1104e-06,3.1556e-20,1.5722e-09,3.9681e-07,1.1407e-17,7.5397e-09,2.2586e-11,0,0,1.6366e-08,0.0010301,0,0,0,1.7983e-13,0.012935,0,0,0,0.040851,3.3332e-13,0.9979
4.8315,0,0,0,1.0378e-22,6.7391e-10,4.1142e-16,2.7517e-29,0,2.628e-15,2.5305e-08,1.501e-12,0.0051132,0.012969,0.0037298,8.9087e-08,2.8637e-05,0,0,0,0,3.7176e-34,2.0671e-31,0,0,0,0,0,0,7.6191e-20,1.1208e-10,2.6815e-14,1.408e-28,0,0.0014245,0.038787,0.00036554,1.5805e-14,1.5103e-18,1.3696e-08,8.9514e-08,6.5881e-09,1.9494e-13,3.9545e-10,9.8935e-22,1.391e-25,4.5194e-16,1.7186e-14,3.121e-16,1.1139e-06,3.2102e-20,1.5719e-09,3.9968e-07,1.1468e-17,7.6346e-09,2.2783e-11,0,0,1.6482e-08,0.0010652,0,0,0,1.8041e-13,0.013026,0,0,0,0.040975,3.3236e-13,0.99789
5.3147,0,0,0,1.0352e-22,6.7609e-10,4.1143e-16,2.7398e-29,0,2.6529e-15,2.5437e-08,1.5051e-12,0.0051129,0.012909,0.0037201,8.8847e-08,2.8632e-05,0,0,0,0,3.6707e-34,2.0451e-31,0,0,0,0,0,0,7.5991e-20,1.1243e-10,2.6813e-14,1.4017e-28,0,0.0014493,0.039238,0.00037072,1.5888e-14,1.5144e-18,1.3631e-08,8.9279e-08,6.5876e-09,1.9442e-13,3.9538e-10,9.8005e-22,1.3735e-25,4.4533e-16,1.6837e-14,3.0654e-16,1.1173e-06,3.2506e-20,1.5716e-09,4.0246e-07,1.1528e-17,7.7274e-09,2.2974e-11,0,0,1.6595e-08,0.0011,0,0,0,1.8097e-13,0.013115,0,0,0,0.041095,3.3143e-13,0.99788
5.8461,0,0,0,1.0328e-22,6.7823e-10,4.1145e-16,2.7287e-29,0,2.6892e-15,2.5566e-08,1.5091e-12,0.0051124,0.012852,0.0037108,8.8618e-08,2.8628e-05,0,0,0,0,3.6263e-34,2.0243e-31,0,0,0,0,0,0,7.5801e-20,1.1276e-10,2.681e-14,1.3958e-28,0,0.0014735,0.039673,0.00037574,1.5969e-14,1.5184e-18,1.3571e-08,8.9056e-08,6.587e-09,1.9392e-13,3.9532e-10,9.7141e-22,1.3572e-25,4.3913e-16,1.6512e-14,3.0134e-16,1.1205e-06,3.3167e-20,1.5714e-09,4.0518e-07,1.1587e-17,7.8184e-09,2.316e-11,0,0,1.6704e-08,0.0011345,0,0,0,1.8152e-13,0.013201,0,0,0,0.04121,3.3054e-13,0.99786
6.4308,0,0,0,1.0304e-22,6.8022e-10,4.1145e-16,2.7175e-29,0,2.7176e-15,2.5692e-08,1.5129e-12,0.0051121,0.012797,0.0037018,8.8397e-08,2.8623e-05,0,0,0,0,3.584e-34,2.0044e-31,0,0,0,0,0,0,7.5617e-20,1.1309e-10,2.6808e-14,1.39e-28,0,0.0014968,0.04009,0.00038057,1.6047e-14,1.5222e-18,1.3511e-08,8.884e-08,6.5866e-09,1.9343e-13,3.9526e-10,9.6328e-22,1.3418e-25,4.3331e-16,1.6206e-14,2.9646e-16,1.1236e-06,3.3668e-20,1.5711e-09,4.0773e-07,1.1643e-17,7.9059e-09,2.3341e-11,0,0,1.6811e-08,0.0011685,0,0,0,1.8204e-13,0.013284,0,0,0,0.041321,3.297e-13,0.99785
7,0,0,0,1.0284e-22,6.8167e-10,4.1145e-16,2.7085e-29,0,2.7405e-15,2.58e-08,1.5163e-12,0.0051118,0.012752,0.0036943,8.8214e-08,2.862e-05,0,0,0,0,0,1.9867e-31,0,0,0,0,0,0,7.5466e-20,1.1336e-10,2.6806e-14,1.3852e-28,0,0.0015165,0.040439,0.00038461,1.6114e-14,1.5257e-18,1.3463e-08,8.8663e-08,6.5863e-09,1.9303e-13,3.9521e-10,9.5656e-22,1.3292e-25,4.2846e-16,1.5954e-14,2.9242e-16,1.1263e-06,3.4099e-20,1.5709e-09,4.0991e-07,1.1692e-17,7.9812e-09,2.3495e-11,0,0,1.6903e-08,0.0012011,0,0,0,1.8247e-13,0.013353,0,0,0,0.041413,3.2899e-13,0.99784
7.7,0,0,0,1.0261e-22,6.838e-10,4.1144e-16,2.6982e-29,0,2.7698e-15,2.5918e-08,1.5199e-12,0.0051114,0.012702,0.003686,8.8008e-08,2.8615e-05,0,0,0,0,0,1.9699e-31,0,0,0,0,0,0,7.5295e-20,1.1366e-10,2.6803e-14,1.3799e-28,0,0.0015389,0.040834,0.00038921,1.6188e-14,1.5293e-18,1.3408e-08,8.8461e-08,6.5857e-09,1.9258e-13,3.9515e-10,9.4946e-22,1.3156e-25,4.233e-16,1.5684e-14,2.881e-16,1.1292e-06,3.4593e-20,1.5706e-09,4.1238e-07,1.1746e-17,8.0656e-09,2.3667e-11,0,0,1.7004e-08,0.0012311,0,0,0,1.8297e-13,0.013432,0,0,0,0.041518,3.282e-13,0.99783
8.47,0,0,0,1.0241e-22,6.8564e-10,4.1147e-16,2.6889e-29,0,2.7965e-15,2.6033e-08,1.5236e-12,0.0051111,0.012655,0.0036781,8.7816e-08,2.8611e-05,0,0,0,0,0,1.9529e-31,0,0,0,0,0,0,7.5135e-20,1.1395e-10,2.6801e-14,1.3749e-28,0,0.0015602,0.041206,0.00039355,1.626e-14,1.533e-18,1.3357e-08,8.8273e-08,6.5854e-09,1.9216e-13,3.9509e-10,9.4281e-22,1.303e-25,4.1846e-16,1.5432e-14,2.8405e-16,1.132e-06,3.5067e-20,1.5704e-09,4.1473e-07,1.1798e-17,8.147e-09,2.3833e-11,0,0,1.7103e-08,0.0012636,0,0,0,1.8343e-13,0.013507,0,0,0,0.041617,3.2746e-13,0.99782
9.317,0,0,0,1.0221e-22,6.8736e-10,4.1147e-16,2.6798e-29,0,2.822e-15,2.6126e-08,1.5325e-12,0.0051108,0.012609,0.0036706,8.7631e-08,2.8607e-05,0,0,0,0,0,1.9394e-31,0,0,0,0,0,0,7.4982e-20,1.1423e-10,2.6799e-14,1.3702e-28,0,0.0015808,0.041563,0.00039774,1.6388e-14,1.542e-18,1.3308e-08,8.8093e-08,6.585e-09,1.9176e-13,3.9504e-10,9.3993e-22,1.2958e-25,4.139e-16,1.5195e-14,2.8024e-16,1.1347e-06,3.5524e-20,1.5702e-09,4.1698e-07,1.189e-17,8.2441e-09,2.4079e-11,0,0,1.7052e-08,0.00129,0,0,0,1.8388e-13,0.013579,0,0,0,0.041712,3.2674e-13,0.99782
10.249,0,0,0,1.0202e-22,6.8905e-10,4.1148e-16,2.6713e-29,0,2.8468e-15,2.6252e-08,1.5305e-12,0.0051105,0.012566,0.0036635,8.7455e-08,2.8604e-05,0,0,0,0,0,1.9552e-31,0,0,0,0,0,0,7.4836e-20,1.145e-10,2.6797e-14,1.3656e-28,0,0.0016007,0.041906,0.00040177,1.6397e-14,1.54e-18,1.3262e-08,8.7922e-08,6.5846e-09,1.9137e-13,3.9499e-10,9.3078e-22,1.2801e-25,4.0962e-16,1.4973e-14,2.7667e-16,1.1372e-06,3.5968e-20,1.5699e-09,4.1915e-07,1.1897e-17,8.3023e-09,2.415e-11,0,0,1.5094e-08,0.0012376,0,0,0,1.8431e-13,0.013648,0,0,0,0.041803,3.2607e-13,0.99781
11.274,0,0,0,1.0184e-22,6.9063e-10,4.1148e-16,2.663e-29,0,2.8707e-15,2.6357e-08,1.5338e-12,0.0051102,0.012525,0.0036566,8.7287e-08,2.86e-05,0,0,0,0,0,1.9515e-31,0,0,0,0,0,0,7.4696e-20,1.1475e-10,2.6795e-14,1.3613e-28,0,0.0016198,0.042234,0.00040563,1.6462e-14,1.5433e-18,1.3218e-08,8.7758e-08,6.5842e-09,1.91e-13,3.9494e-10,9.2534e-22,1.2697e-25,4.0559e-16,1.4765e-14,2.7332e-16,1.1397e-06,3.64e-20,1.5697e-09,4.2124e-07,1.1944e-17,8.3763e-09,2.43e-11,0,0,1.4535e-08,0.0012375,0,0,0,1.8472e-13,0.013715,0,0,0,0.04189,3.2542e-13,0.9978
12.401,0,0,0,1.0167e-22,6.9215e-10,4.1148e-16,2.6552e-29,0,2.8937e-15,2.6457e-08,1.537e-12,0.0051099,0.012486,0.0036501,8.7127e-08,2.8597e-05,0,0,0,0,0,1.947e-31,0,0,0,0,0,0,7.4563e-20,1.15e-10,2.6793e-14,1.3572e-28,0,0.0016382,0.042548,0.00040934,1.6525e-14,1.5465e-18,1.3176e-08,8.7602e-08,6.5838e-09,1.9065e-13,3.9489e-10,9.2025e-22,1.2599e-25,4.018e-16,1.457e-14,2.7017e-16,1.1421e-06,3.6816e-20,1.5695e-09,4.2324e-07,1.199e-17,8.4479e-09,2.4445e-11,0,0,1.4085e-08,0.0012399,0,0,0,1.8511e-13,0.013778,0,0,0,0.041973,3.248e-13,0.99779
14,0,0,0,1.0144e-22,6.941e-10,4.1148e-16,2.6452e-29,0,2.9234e-15,2.6581e-08,1.5409e-12,0.0051094,0.012437,0.0036418,8.6923e-08,2.8592e-05,0,0,0,0,0,1.9437e-31,0,0,0,0,0,0,7.4393e-20,1.1531e-10,2.679e-14,1.352e-28,0,0.001662,0.04295,0.00041411,1.6602e-14,1.5504e-18,1.3122e-08,8.7402e-08,6.5832e-09,1.9021e-13,3.9483e-10,9.1418e-22,1.2481e-25,3.9725e-16,1.4333e-14,2.6636e-16,1.1451e-06,3.7357e-20,1.5693e-09,4.2582e-07,1.2046e-17,8.5386e-09,2.4627e-11,0,0,1.3559e-08,0.001237,0,0,0,1.8561e-13,0.013861,0,0,0,0.04208,3.2401e-13,0.99778
15.4,0,0,0,1.013e-22,6.954e-10,4.1149e-16,2.6388e-29,0,2.9432e-15,2.6675e-08,1.5441e-12,0.0051093,0.012404,0.0036364,8.6789e-08,2.8589e-05,0,0,0,0,0,1.9407e-31,0,0,0,0,0,0,7.4282e-20,1.1552e-10,2.6789e-14,1.3486e-28,0,0.0016778,0.043216,0.00041727,1.6661e-14,1.5536e-18,1.3088e-08,8.7272e-08,6.5831e-09,1.8991e-13,3.9479e-10,9.0979e-22,1.2398e-25,3.9395e-16,1.4167e-14,2.6365e-16,1.1471e-06,3.7719e-20,1.5691e-09,4.2753e-07,1.2088e-17,8.6026e-09,2.4758e-11,0,0,1.3054e-08,0.0012372,0,0,0,1.8595e-13,0.013915,0,0,0,0.042151,3.2349e-13,0.99777
16.94,0,0,0,1.0116e-22,6.967e-10,4.1149e-16,2.6322e-29,0,2.9634e-15,2.6763e-08,1.5469e-12,0.005109,0.012371,0.0036309,8.6654e-08,2.8587e-05,0,0,0,0,0,1.9373e-31,0,0,0,0,0,0,7.417e-20,1.1573e-10,2.6787e-14,1.3452e-28,0,0.0016938,0.043485,0.00042047,1.6716e-14,1.5565e-18,1.3052e-08,8.714e-08,6.5827e-09,1.8962e-13,3.9475e-10,9.0573e-22,1.2319e-25,3.9087e-16,1.4009e-14,2.611e-16,1.1491e-06,3.8087e-20,1.5689e-09,4.2926e-07,1.2128e-17,8.6657e-09,2.4885e-11,0,0,1.2712e-08,0.0012381,0,0,0,1.8629e-13,0.01397,0,0,0,0.042222,3.2297e-13,0.99777
18.634,0,0,0,1.0102e-22,6.9795e-10,4.1149e-16,2.626e-29,0,2.9826e-15,2.6848e-08,1.5497e-12,0.0051087,0.01234,0.0036257,8.6525e-08,2.8584e-05,0,0,0,0,0,1.935e-31,0,0,0,0,0,0,7.4063e-20,1.1593e-10,2.6785e-14,1.3419e-28,0,0.0017092,0.04374,0.00042352,1.6769e-14,1.5592e-18,1.3019e-08,8.7014e-08,6.5823e-09,1.8934e-13,3.9471e-10,9.0193e-22,1.2246e-25,3.8798e-16,1.3862e-14,2.5871e-16,1.151e-06,3.844e-20,1.5688e-09,4.3091e-07,1.2166e-17,8.7263e-09,2.5008e-11,0,0,1.2364e-08,0.001237,0,0,0,1.8661e-13,0.014023,0,0,0,0.04229,3.2248e-13,0.99776
20.497,0,0,0,1.0088e-22,6.9912e-10,4.1149e-16,2.6201e-29,0,3.001e-15,2.6929e-08,1.5523e-12,0.0051085,0.012311,0.0036207,8.6404e-08,2.8581e-05,0,0,0,0,0,1.9323e-31,0,0,0,0,0,0,7.3963e-20,1.1611e-10,2.6784e-14,1.3388e-28,0,0.0017238,0.043983,0.00042642,1.682e-14,1.5619e-18,1.2987e-08,8.6896e-08,6.582e-09,1.8907e-13,3.9468e-10,8.9839e-22,1.2177e-25,3.8528e-16,1.3724e-14,2.5648e-16,1.1528e-06,3.8778e-20,1.5686e-09,4.3249e-07,1.2203e-17,8.7843e-09,2.5124e-11,0,0,1.2065e-08,0.001237,0,0,0,1.8691e-13,0.014073,0,0,0,0.042354,3.2201e-13,0.99776
22.547,0,0,0,1.0076e-22,7.0023e-10,4.1149e-16,2.6145e-29,0,3.0184e-15,2.7007e-08,1.5549e-12,0.0051083,0.012283,0.0036161,8.6289e-08,2.8579e-05,0,0,0,0,0,1.9297e-31,0,0,0,0,0,0,7.3867e-20,1.1629e-10,2.6783e-14,1.3359e-28,0,0.0017378,0.044214,0.00042919,1.6868e-14,1.5645e-18,1.2957e-08,8.6784e-08,6.5817e-09,1.8882e-13,3.9464e-10,8.9508e-22,1.2113e-25,3.8274e-16,1.3595e-14,2.5438e-16,1.1546e-06,3.9102e-20,1.5685e-09,4.3398e-07,1.2238e-17,8.8397e-09,2.5236e-11,0,0,1.1797e-08,0.0012373,0,0,0,1.872e-13,0.014121,0,0,0,0.042415,3.2156e-13,0.99775
24.802,0,0,0,1.0064e-22,7.0132e-10,4.115e-16,2.6093e-29,0,3.0353e-15,2.7081e-08,1.5573e-12,0.0051081,0.012257,0.0036117,8.618e-08,2.8576e-05,0,0,0,0,0,1.9277e-31,0,0,0,0,0,0,7.3777e-20,1.1646e-10,2.6781e-14,1.3332e-28,0,0.0017511,0.044432,0.00043181,1.6914e-14,1.5669e-18,1.2929e-08,8.6678e-08,6.5815e-09,1.8858e-13,3.9461e-10,8.92e-22,1.2053e-25,3.8036e-16,1.3474e-14,2.5241e-16,1.1562e-06,3.9413e-20,1.5683e-09,4.3541e-07,1.2272e-17,8.8928e-09,2.5343e-11,0,0,1.1532e-08,0.0012363,0,0,0,1.8747e-13,0.014166,0,0,0,0.042473,3.2114e-13,0.99774
28,0,0,0,1.0421e-22,7.3603e-10,4.2921e-16,2.6791e-29,0,3.2137e-15,2.7121e-08,1.5482e-12,0.0049684,0.012071,0.003586,8.556e-08,2.8579e-05,0,0,0,0,0,1.9137e-31,0,0,0,0,0,0,7.3252e-20,1.1721e-10,2.6786e-14,1.3126e-28,0,0.001734,0.044644,0.00043704,1.694e-14,1.5578e-18,1.2734e-08,8.6061e-08,6.4008e-09,1.8722e-13,3.9464e-10,8.9043e-22,1.1958e-25,3.6873e-16,1.3253e-14,2.5009e-16,1.1635e-06,4.0117e-20,1.5685e-09,4.4036e-07,1.229e-17,9.0101e-09,2.554e-11,0,0,1.1307e-08,0.0012371,0,0,0,1.8346e-13,0.013941,0,0,0,0.042753,3.1894e-13,0.99775
30,0,0,0,1.7713e-22,1.4302e-09,7.8794e-16,4.1323e-29,0,6.5828e-15,2.6488e-08,1.4001e-12,0.0033272,0.010217,0.0033298,7.9407e-08,2.8645e-05,0,0,0,0,0,1.7771e-31,0,0,0,0,0,0,6.8018e-20,1.2442e-10,2.6864e-14,1.106e-28,0,0.0013,0.043816,0.00046351,1.6544e-14,1.4088e-18,1.0808e-08,7.9913e-08,4.2869e-09,1.7376e-13,3.9556e-10,9.1585e-22,1.162e-25,2.6007e-16,1.2249e-14,2.4953e-16,1.2345e-06,4.466e-20,1.5722e-09,4.8469e-07,1.2004e-17,9.7313e-09,2.6453e-11,0,0,1.1101e-08,0.0012407,0,0,0,1.3007e-13,0.010319,0,0,0,0.045639,2.9755e-13,0.99785
32,0,0,0,3.5463e-22,3.2776e-09,1.7048e-15,7.5053e-29,0,1.5937e-14,2.5803e-08,1.2622e-12,0.0019964,0.0086356,0.0030894,7.3637e-08,2.8705e-05,0,0,0,0,0,1.6489e-31,0,0,0,0,0,0,6.3108e-20,1.3214e-10,2.6935e-14,9.3087e-29,0,0.00087344,0.042954,0.00049124,1.6116e-14,1.27e-18,9.1592e-09,7.4143e-08,2.5723e-09,1.6113e-13,3.9638e-10,9.4064e-22,1.1267e-25,1.6453e-16,1.1316e-14,2.4902e-16,1.3106e-06,4.9873e-20,1.5756e-09,5.3428e-07,1.1694e-17,1.0498e-08,2.7344e-11,0,0,1.1013e-08,0.0012439,0,0,0,8.2683e-14,0.0068541,0,0,0,0.048731,2.7732e-13,0.99793
34,0,0,0,1.0372e-21,1.0973e-08,5.389e-15,1.9939e-28,0,5.6391e-14,2.508e-08,1.1357e-12,0.00093018,0.0073031,0.0028667,6.8297e-08,2.8758e-05,0,0,0,0,0,1.5301e-31,0,0,0,0,0,0,5.856e-20,1.4028e-10,2.6999e-14,7.8404e-29,0,0.00045495,0.042054,0.00051975,1.5665e-14,1.1427e-18,7.7654e-09,6.88e-08,1.1981e-09,1.4945e-13,3.9712e-10,9.642e-22,1.0905e-25,8.0841e-17,1.0459e-14,2.4854e-16,1.3908e-06,5.5838e-20,1.5786e-09,5.8876e-07,1.1367e-17,1.1295e-08,2.8197e-11,0,0,1.0938e-08,0.0012469,0,0,0,4.0803e-14,0.0035338,0,0,0,0.052002,2.5845e-13,0.99801
36,0,0,0,1.0156e-20,1.2033e-07,5.6296e-14,1.7978e-27,1.0203e-33,6.4794e-13,2.4446e-08,1.0372e-12,0.00019516,0.0063377,0.0026908,6.408e-08,2.8799e-05,0,0,0,0,0,1.4362e-31,0,0,0,0,0,0,5.4966e-20,1.4753e-10,2.7049e-14,6.7813e-29,0,0.00010481,0.041278,0.00054469,1.5269e-14,1.0436e-18,6.7526e-09,6.4577e-08,2.5147e-10,1.4022e-13,3.9768e-10,9.8271e-22,1.0588e-25,1.7736e-17,9.7818e-15,2.4802e-16,1.4621e-06,6.1384e-20,1.5809e-09,6.3902e-07,1.108e-17,1.1995e-08,2.8891e-11,0,0,1.0866e-08,0.0012491,0,0,0,8.9881e-15,0.00080766,0,0,0,0.054921,2.4345e-13,0.99806
38,0,0,0,1.0146e-20,1.204e-07,5.6278e-14,1.7947e-27,1.0185e-33,6.496e-13,2.4461e-08,1.037e-12,0.00019519,0.0063284,0.0026887,6.403e-08,2.8798e-05,0,0,0,0,0,1.4352e-31,0,0,0,0,0,0,5.4923e-20,1.4766e-10,2.7049e-14,6.7715e-29,0,0.00010518,0.041348,0.00054603,1.5278e-14,1.0435e-18,6.7427e-09,6.4528e-08,2.515e-10,1.4011e-13,3.9768e-10,9.8082e-22,1.0558e-25,1.7694e-17,9.741e-15,2.4718e-16,1.4633e-06,6.1624e-20,1.5809e-09,6.4015e-07,1.1087e-17,1.2024e-08,2.8933e-11,0,0,1.0773e-08,0.0012488,0,0,0,8.9972e-15,0.0008091,0,0,0,0.054967,2.4326e-13,0.99805
40,0,0,0,1.0142e-20,1.2055e-07,5.6299e-14,1.7928e-27,1.0174e-33,6.5172e-13,2.4475e-08,1.0369e-12,0.00019518,0.0063195,0.0026867,6.3981e-08,2.8798e-05,0,0,0,0,0,1.434e-31,0,0,0,0,0,0,5.4882e-20,1.4778e-10,2.7049e-14,6.7621e-29,0,0.00010552,0.041416,0.00054733,1.5287e-14,1.0433e-18,6.7331e-09,6.4479e-08,2.5148e-10,1.4e-13,3.9767e-10,9.7903e-22,1.053e-25,1.765e-17,9.7022e-15,2.4638e-16,1.4645e-06,6.1868e-20,1.5809e-09,6.413e-07,1.1093e-17,1.2052e-08,2.8974e-11,0,0,1.0697e-08,0.0012492,0,0,0,9.004e-15,0.00081055,0,0,0,0.055012,2.4307e-13,0.99805
42,0,0,0,1.013e-20,1.2059e-07,5.6274e-14,1.7899e-27,1.0157e-33,6.5327e-13,2.4488e-08,1.0367e-12,0.00019518,0.006311,0.0026848,6.3934e-08,2.8797e-05,0,0,0,0,0,1.433e-31,0,0,0,0,0,0,5.4843e-20,1.479e-10,2.7049e-14,6.7532e-29,0,0.00010584,0.04148,0.00054856,1.5295e-14,1.0431e-18,6.724e-09,6.4433e-08,2.5145e-10,1.399e-13,3.9766e-10,9.7735e-22,1.0503e-25,1.7609e-17,9.6656e-15,2.4562e-16,1.4657e-06,6.2101e-20,1.5808e-09,6.4238e-07,1.1099e-17,1.2078e-08,2.9012e-11,0,0,1.0621e-08,0.0012492,0,0,0,9.0104e-15,0.00081191,0,0,0,0.055054,2.4289e-13,0.99805
44,0,0,0,1.0127e-20,1.2073e-07,5.6294e-14,1.7881e-27,1.0147e-33,6.5515e-13,2.4501e-08,1.0365e-12,0.00019519,0.0063031,0.0026829,6.3889e-08,2.8796e-05,0,0,0,0,0,1.432e-31,0,0,0,0,0,0,5.4806e-20,1.4801e-10,2.7048e-14,6.7448e-29,0,0.00010615,0.041541,0.00054973,1.5303e-14,1.0429e-18,6.7154e-09,6.4389e-08,2.5149e-10,1.398e-13,3.9764e-10,9.7575e-22,1.0478e-25,1.7573e-17,9.6309e-15,2.449e-16,1.4667e-06,6.2244e-20,1.5808e-09,6.4342e-07,1.1105e-17,1.2104e-08,2.9049e-11,0,0,1.055e-08,0.0012492,0,0,0,9.0185e-15,0.00081321,0,0,0,0.055094,2.4272e-13,0.99805
46,0,0,0,1.0121e-20,1.2082e-07,5.6295e-14,1.786e-27,1.0135e-33,6.5675e-13,2.4513e-08,1.0364e-12,0.00019519,0.0062954,0.0026812,6.3847e-08,2.8795e-05,0,0,0,0,0,1.4311e-31,0,0,0,0,0,0,5.477e-20,1.4812e-10,2.7048e-14,6.7367e-29,0,0.00010645,0.041599,0.00055086,1.531e-14,1.0428e-18,6.7071e-09,6.4347e-08,2.5149e-10,1.3971e-13,3.9763e-10,9.7423e-22,1.0454e-25,1.7537e-17,9.5979e-15,2.4422e-16,1.4678e-06,6.2537e-20,1.5807e-09,6.444e-07,1.111e-17,1.2128e-08,2.9084e-11,0,0,1.0482e-08,0.0012492,0,0,0,9.0249e-15,0.00081445,0,0,0,0.055133,2.4256e-13,0.99805
48,0,0,0,1.0114e-20,1.209e-07,5.6293e-14,1.784e-27,1.0123e-33,6.5828e-13,2.4524e-08,1.0362e-12,0.00019519,0.0062881,0.0026795,6.3807e-08,2.8795e-05,0,0,0,0,0,1.4303e-31,0,0,0,0,0,0,5.4736e-20,1.4822e-10,2.7048e-14,6.7291e-29,0,0.00010673,0.041654,0.00055192,1.5318e-14,1.0426e-18,6.6994e-09,6.4308e-08,2.515e-10,1.3962e-13,3.9763e-10,9.7279e-22,1.0431e-25,1.7504e-17,9.5667e-15,2.4357e-16,1.4688e-06,6.2742e-20,1.5807e-09,6.4534e-07,1.1116e-17,1.2152e-08,2.9118e-11,0,0,1.0414e-08,0.0012488,0,0,0,9.0314e-15,0.00081562,0,0,0,0.055169,2.4241e-13,0.99804
50,0,0,0,1.0108e-20,1.2098e-07,5.6293e-14,1.782e-27,1.0112e-33,6.5975e-13,2.4535e-08,1.0361e-12,0.00019519,0.0062812,0.002678,6.3768e-08,2.8794e-05,0,0,0,0,0,1.4287e-31,0,0,0,0,0,0,5.4704e-20,1.4832e-10,2.7048e-14,6.7217e-29,0,0.000107,0.041707,0.00055295,1.5324e-14,1.0425e-18,6.6919e-09,6.427e-08,2.5149e-10,1.3954e-13,3.9762e-10,9.7142e-22,1.041e-25,1.7471e-17,9.5369e-15,2.4296e-16,1.4697e-06,6.2937e-20,1.5807e-09,6.4624e-07,1.1121e-17,1.2174e-08,2.915e-11,0,0,1.0385e-08,0.001251,0,0,0,9.0374e-15,0.00081676,0,0,0,0.055204,2.4226e-13,0.99804
52,0,0,0,1.0103e-20,1.2105e-07,5.6293e-14,1.7802e-27,1.0101e-33,6.6116e-13,2.4546e-08,1.0359e-12,0.00019519,0.0062745,0.0026764,6.3731e-08,2.8794e-05,0,0,0,0,0,1.4285e-31,0,0,0,0,0,0,5.4673e-20,1.4841e-10,2.7047e-14,6.7147e-29,0,0.00010726,0.041758,0.00055393,1.5331e-14,1.0423e-18,6.6848e-09,6.4234e-08,2.515e-10,1.3946e-13,3.9761e-10,9.7011e-22,1.0389e-25,1.744e-17,9.5085e-15,2.4237e-16,1.4706e-06,6.3125e-20,1.5806e-09,6.471e-07,1.1125e-17,1.2196e-08,2.9181e-11,0,0,1.0302e-08,0.0012491,0,0,0,9.0432e-15,0.00081785,0,0,0,0.055238,2.4212e-13,0.99804
54,0,0,0,1.0097e-20,1.2113e-07,5.6293e-14,1.7784e-27,1.0091e-33,6.6252e-13,2.4556e-08,1.0358e-12,0.00019519,0.0062681,0.002675,6.3696e-08,2.8793e-05,0,0,0,0,0,1.4277e-31,0,0,0,0,0,0,5.4643e-20,1.485e-10,2.7047e-14,6.7079e-29,0,0.00010751,0.041807,0.00055488,1.5337e-14,1.0422e-18,6.6779e-09,6.4198e-08,2.5149e-10,1.3938e-13,3.976e-10,9.6885e-22,1.0369e-25,1.741e-17,9.4812e-15,2.418e-16,1.4715e-06,6.3304e-20,1.5806e-09,6.4793e-07,1.113e-17,1.2216e-08,2.9211e-11,0,0,1.0247e-08,0.0012491,0,0,0,9.0486e-15,0.0008189,0,0,0,0.05527,2.4198e-13,0.99804
56,0,0,0,1.0092e-20,1.212e-07,5.6293e-14,1.7767e-27,1.0081e-33,6.6383e-13,2.4566e-08,1.0357e-12,0.00019519,0.006262,0.0026736,6.3662e-08,2.8792e-05,0,0,0,0,0,1.427e-31,0,0,0,0,0,0,5.4615e-20,1.4859e-10,2.7047e-14,6.7015e-29,0,0.00010775,0.041854,0.00055578,1.5343e-14,1.0421e-18,6.6713e-09,6.4165e-08,2.5149e-10,1.3931e-13,3.976e-10,9.6765e-22,1.035e-25,1.7382e-17,9.4553e-15,2.4126e-16,1.4723e-06,6.3478e-20,1.5806e-09,6.4873e-07,1.1134e-17,1.2236e-08,2.9239e-11,0,0,1.0196e-08,0.0012491,0,0,0,9.054e-15,0.00081991,0,0,0,0.055301,2.4185e-13,0.99804
