Time(d),H2O@,C3AFS0.84H4.32,C3FS0.84H4.32,CSHQ-JenD,CSHQ-JenH,CSHQ-TobD,CSHQ-TobH,KSiOH,NaSiOH,ettr05,Fe-ettr05,monosulf1205,Fe-monosulf05,straet,straet7,ettr,ettr30,C4AH13,monosulf12,tricarboalu03,ettr03_ss,Mg3AlC0.5OH,Mg3FeC0.5OH,M075SH,M15SH,AlOHam,AlOHmic,Gbs,Kln,Gr,C12A7,C2S,C3A,C3S,C4AF,CA,CA2,C2AH7.5,C3AH6,C4AH11,C4AH13,C4AH19,CAH10,monosulf10.5,monosulf14,monosulf16,monosulf9,chabazite,zeoliteP_Ca,straet5.5,monocarb9,hemicarb10.5,hemicarb,hemicarb9,monocarb,ettr13,ettr9,Arg,Cal,C3FH6,C4FH13,C3FS0.84H4.32,C3FS1.34H3.32,Fe-hemicarb,Femonocarb,Dis-Dol,Ord-Dol,Lim,Portlandite,Anh,Gp,hemihydrate,thaumasite,Fe,FeCO3(pr),Sd,Hem,Mag,Fe(OH)3(am),FeOOHmic,Gt,Py,Tro,Melanterite,K2SO4,syngenite,K2O,hydrotalcite,Mgs,Brc,Na2SO4,natrolite,zeoliteX,zeoliteY,Na2O,Sulfur,Qtz,Amor-Sl
0.001,4.9983e-05,0,0,2.8752e-10,2.8089e-09,2.5352e-09,1.9899e-09,8.7706e-13,9.9234e-15,0,0,0,0,0,0,0,0,0,0,0,0,0,0,1.0187e-11,8.565e-11,0,0,0,0,0,0,5.1858e-06,6.7285e-07,1.9323e-05,3.7758e-06,0,0,0,0,0,0,0,0,0,0,0,0,0,0,0,0,0,0,0,0,0,0,0,0,0,0,0,0,0,0,0,0,0,0,0,3.1501e-06,0,0,0,0,0,0,0,0,0,2.0809e-14,0,0,0,0,0,0,0,0,0,0,0,0,0,0,0,0,0
0.0011,4.9983e-05,0,0,3.5694e-10,3.2202e-09,2.8514e-09,2.0666e-09,1.0201e-12,1.0662e-14,0,0,0,0,0,0,0,0,0,0,0,0,0,0,8.8632e-12,8.7725e-11,0,0,0,0,0,0,5.1852e-06,6.7285e-07,1.9323e-05,3.7758e-06,0,0,0,0,0,0,0,0,0,0,0,0,0,0,0,0,0,0,0,0,0,0,0,0,0,0,0,0,0,0,0,0,0,0,0,3.1503e-06,0,0,0,0,0,0,0,0,0,5.3422e-14,0,0,0,0,0,0,9.384e-12,0,0,0,0,0,0,0,0,0,0
0.00121,4.9982e-05,0,0,4.8159e-10,3.8576e-09,3.3271e-09,2.141e-09,1.2317e-12,1.1659e-14,0,0,0,0,0,0,0,0,0,0,0,0,0,0,0,0,0,0,0,0,0,0,5.1845e-06,6.728e-07,1.9323e-05,3.7758e-06,0,0,0,0,0,0,0,0,0,0,0,0,0,0,0,0,0,0,0,0,0,0,0,0,0,0,0,0,0,0,0,0,0,0,0,3.1506e-06,0,0,0,0,0,0,0,0,0,1.1445e-12,0,0,0,0,0,0,1.3606e-10,0,0,0,0,0,0,0,0,0,0
0.001331,4.9979e-05,0,0,7.4948e-10,4.8913e-09,4.0482e-09,2.1226e-09,1.5474e-12,1.2929e-14,0,0,0,0,0,0,4.3053e-10,1.0789e-10,0,0,0,0,0,0,0,0,0,0,0,0,0,0,5.1838e-06,6.7272e-07,1.9322e-05,3.7758e-06,0,0,0,0,0,0,0,0,0,0,0,0,0,0,0,0,0,0,0,0,0,0,0,0,0,0,0,0,0,0,0,0,0,0,0,3.1509e-06,0,0,0,0,0,0,0,0,0,4.6155e-12,0,0,0,0,0,0,1.8456e-10,0,0,0,0,0,0,0,0,0,0
0.0014641,4.9976e-05,0,0,1.2521e-09,6.3338e-09,5.0155e-09,2.0385e-09,1.9884e-12,1.4325e-14,0,0,0,0,0,0,9.689e-10,2.428e-10,0,0,0,0,0,0,0,0,0,0,0,0,0,0,5.1831e-06,6.7262e-07,1.9321e-05,3.7758e-06,0,0,0,0,0,0,0,0,0,0,0,0,0,0,0,0,0,0,0,0,0,0,0,0,0,0,0,0,0,0,0,0,0,0,0,3.1515e-06,0,0,0,0,0,0,0,0,0,1.044e-11,0,0,0,0,0,0,2.5561e-10,0,0,0,0,0,0,0,0,0,0
0.0016105,4.9972e-05,0,0,2.1169e-09,8.1215e-09,6.1857e-09,1.9066e-09,2.5681e-12,1.566e-14,0,0,0,0,0,0,1.6046e-09,4.0171e-10,0,0,0,0,0,0,0,0,0,0,0,0,0,0,5.1822e-06,6.725e-07,1.9319e-05,3.7758e-06,0,0,0,0,0,0,0,0,0,0,0,0,0,0,0,0,0,0,0,0,0,0,0,0,0,0,0,0,0,0,0,0,0,0,0,3.1522e-06,0,0,0,0,0,0,0,0,0,1.8629e-11,0,0,0,0,0,0,3.5044e-10,0,3.0623e-13,0,0,0,0,0,0,0,0
0.0017716,4.9966e-05,0,0,3.4384e-09,1.0178e-08,7.5282e-09,1.7903e-09,3.3044e-12,1.6829e-14,0,0,0,0,0,0,3.5475e-09,8.8907e-10,0,0,0,0,0,0,0,0,0,0,0,0,0,0,5.1812e-06,6.7235e-07,1.9316e-05,3.7757e-06,0,0,0,0,0,0,0,0,0,0,0,0,0,0,0,0,0,0,0,0,0,0,0,0,0,0,0,0,0,0,0,0,0,0,0,3.1524e-06,0,0,0,0,0,0,0,0,0,2.9342e-11,0,0,0,0,0,0,0,0,2.1214e-10,0,0,0,0,0,0,0,0
0.0019487,4.996e-05,0,0,5.5638e-09,1.2486e-08,9.0173e-09,1.6259e-09,4.2121e-12,1.7795e-14,0,0,0,0,0,0,4.7898e-09,1.1731e-09,0,0,0,0,0,0,0,0,0,0,0,0,0,0,5.1802e-06,6.7219e-07,1.9313e-05,3.7757e-06,0,0,0,0,0,0,0,0,0,0,0,0,0,0,0,0,0,0,0,0,0,0,0,0,0,0,0,0,0,0,0,0,0,0,0,3.153e-06,0,0,0,0,0,0,0,0,0,4.2842e-11,0,0,0,0,0,0,0,0,2.7954e-10,0,0,0,0,0,0,0,0
0.0021436,4.9953e-05,0,0,8.7283e-09,1.4949e-08,1.0627e-08,1.4623e-09,5.3272e-12,1.856e-14,0,0,0,0,0,0,6.1927e-09,1.5388e-09,0,0,0,0,0,0,0,0,0,0,0,0,0,0,5.1791e-06,6.72e-07,1.9309e-05,3.7756e-06,0,0,0,0,0,0,0,0,0,0,0,0,0,0,0,0,0,0,0,0,0,0,0,0,0,0,0,0,0,0,0,0,0,0,0,3.1536e-06,0,0,0,0,0,0,0,0,0,5.9463e-11,0,0,0,0,0,0,0,0,3.6118e-10,0,0,0,0,0,0,0,0
0.002358,4.9944e-05,0,0,1.3267e-08,1.7491e-08,1.2331e-08,1.3062e-09,6.6813e-12,1.9151e-14,0,0,0,0,0,0,7.8098e-09,1.9581e-09,0,0,0,0,0,0,0,0,0,0,0,0,0,0,5.1778e-06,6.7179e-07,1.9304e-05,3.7756e-06,0,0,0,0,0,0,0,0,0,0,0,0,0,0,0,0,0,0,0,0,0,0,0,0,0,0,0,0,0,0,0,0,0,0,0,3.1542e-06,0,0,0,0,0,0,0,0,0,7.9619e-11,0,0,0,0,0,0,0,0,4.5887e-10,0,0,0,0,0,0,0,0
0.0025937,4.9934e-05,0,0,1.9558e-08,2.0033e-08,1.4105e-08,1.1608e-09,8.3106e-12,1.9599e-14,0,0,0,0,0,0,9.6916e-09,2.4097e-09,0,0,0,0,0,0,0,0,0,0,0,0,0,0,5.1764e-06,6.7155e-07,1.9298e-05,3.7755e-06,0,0,0,0,0,0,0,0,0,0,0,0,0,0,0,0,0,0,0,0,0,0,0,0,0,0,0,0,0,0,0,0,0,0,0,3.1547e-06,0,0,0,0,0,0,0,0,0,1.0379e-10,0,0,0,0,0,0,0,0,5.7472e-10,0,0,0,0,0,0,0,0
0.0028531,4.9922e-05,0,0,2.8022e-08,2.2499e-08,1.592e-08,1.027e-09,1.0261e-11,1.9935e-14,0,0,0,0,0,0,1.1805e-08,2.9608e-09,0,0,0,0,0,0,0,0,0,0,0,0,0,0,5.1749e-06,6.7127e-07,1.9291e-05,3.7754e-06,0,0,0,0,0,0,0,0,0,0,0,0,0,0,0,0,0,0,0,0,0,0,0,0,0,0,0,0,0,0,0,0,0,0,0,3.155e-06,0,0,0,0,0,0,0,0,0,1.3255e-10,0,0,0,0,0,0,0,0,7.112e-10,0,0,0,0,0,0,0,0
0.0031384,4.9909e-05,0,0,3.9101e-08,2.4819e-08,1.7749e-08,9.0558e-10,1.2581e-11,2.0187e-14,0,0,0,0,0,0,1.4231e-08,3.5672e-09,0,0,0,0,0,0,0,0,0,0,0,0,0,0,5.1733e-06,6.7096e-07,1.9283e-05,3.7753e-06,0,0,0,0,0,0,0,0,0,0,0,0,0,0,0,0,0,0,0,0,0,0,0,0,0,0,0,0,0,0,0,0,0,0,0,3.1552e-06,0,0,0,0,0,0,0,0,0,1.6655e-10,0,0,0,0,0,0,0,0,8.711e-10,0,0,0,0,0,0,0,0
0.0034523,4.9893e-05,0,0,5.3301e-08,2.692e-08,1.9558e-08,7.9359e-10,1.5329e-11,2.0375e-14,0,0,0,0,0,0,1.6982e-08,4.2613e-09,0,0,0,0,0,0,0,0,0,0,0,0,0,0,5.1714e-06,6.7061e-07,1.9273e-05,3.7752e-06,0,0,0,0,0,0,0,0,0,0,0,0,0,0,0,0,0,0,0,0,0,0,0,0,0,0,0,0,0,0,0,0,0,3.9003e-13,0,3.1553e-06,0,0,0,0,0,0,0,0,0,2.0653e-10,0,0,0,0,0,0,0,0,1.0576e-09,0,0,0,0,0,0,0,0
0.0037975,4.9877e-05,0,0,5.5275e-08,3.4388e-08,2.4623e-08,1.2306e-09,1.9573e-11,2.0565e-14,0,0,0,0,0,0,2.0105e-08,5.0436e-09,0,0,0,0,0,0,0,0,0,0,0,0,0,0,5.1695e-06,6.7022e-07,1.9262e-05,3.775e-06,0,0,0,0,0,0,0,0,0,0,0,0,0,0,0,0,0,0,0,0,0,0,0,0,0,0,0,0,0,0,0,0,0,1.3307e-08,0,3.1536e-06,0,0,0,0,0,0,0,0,0,2.5337e-10,0,0,0,0,0,0,0,0,1.2743e-09,0,0,0,0,0,0,0,0
0.0041773,4.9858e-05,0,0,6.4957e-08,4.041e-08,2.8935e-08,1.4463e-09,2.431e-11,2.0681e-14,0,0,0,0,0,0,2.3645e-08,5.9317e-09,0,0,0,0,0,0,0,0,0,0,0,0,0,0,5.1673e-06,6.6978e-07,1.9249e-05,3.7749e-06,0,0,0,0,0,0,0,0,0,0,0,0,0,0,0,0,0,0,0,0,0,0,0,0,0,0,0,0,0,0,0,0,0,2.195e-08,0,3.1526e-06,0,0,0,0,0,0,0,0,0,3.0817e-10,0,0,0,0,0,0,0,0,1.526e-09,0,0,0,0,0,0,0,0
0.004595,4.9835e-05,0,0,7.6094e-08,4.7337e-08,3.3895e-08,1.6942e-09,3.0091e-11,2.0765e-14,0,0,0,0,0,0,2.765e-08,6.9364e-09,0,0,0,0,0,0,0,0,0,0,0,0,0,0,5.1649e-06,6.6929e-07,1.9233e-05,3.7747e-06,0,0,0,0,0,0,0,0,0,0,0,0,0,0,0,0,0,0,0,0,0,0,0,0,0,0,0,0,0,0,0,0,0,3.1965e-08,0,3.1514e-06,0,0,0,0,0,0,0,0,0,3.7203e-10,0,0,0,0,0,0,0,0,1.8171e-09,0,0,0,0,0,0,0,0
0.0050545,4.9809e-05,0,0,8.8877e-08,5.5288e-08,3.9589e-08,1.9787e-09,3.7129e-11,2.0827e-14,0,0,0,0,0,0,3.2176e-08,8.0718e-09,0,0,0,0,0,0,0,0,0,0,0,0,0,0,5.1622e-06,6.6873e-07,1.9216e-05,3.7744e-06,0,0,0,0,0,0,0,0,0,0,0,0,0,0,0,0,0,0,0,0,0,0,0,0,0,0,0,0,0,0,0,0,0,4.3538e-08,0,3.1501e-06,0,0,0,0,0,0,0,0,0,4.463e-10,0,0,0,0,0,0,0,0,2.153e-09,0,0,0,0,0,0,0,0
0.0055599,4.978e-05,0,0,1.0352e-07,6.4398e-08,4.6115e-08,2.305e-09,4.5675e-11,2.0872e-14,0,0,0,0,0,0,3.7283e-08,9.3531e-09,0,0,0,0,0,0,0,0,0,0,0,0,0,0,5.1593e-06,6.6811e-07,1.9195e-05,3.7742e-06,0,0,0,0,0,0,0,0,0,0,0,0,0,0,0,0,0,0,0,0,0,0,0,0,0,0,0,0,0,0,0,0,0,5.6882e-08,0,3.1486e-06,0,0,0,0,0,0,0,0,0,5.3249e-10,0,0,0,0,0,0,0,0,2.5399e-09,0,0,0,0,0,0,0,0
0.0061159,4.9746e-05,0,0,1.2028e-07,7.4819e-08,5.3578e-08,2.6778e-09,5.6034e-11,2.0904e-14,0,0,0,0,0,0,4.3042e-08,1.0797e-08,0,0,0,0,0,0,0,0,0,0,0,0,0,0,5.1562e-06,6.6741e-07,1.9171e-05,3.7738e-06,0,0,0,0,0,0,0,0,0,0,0,0,0,0,0,0,0,0,0,0,0,0,0,0,0,0,0,0,0,0,0,0,0,7.2232e-08,0,3.147e-06,0,0,0,0,0,0,0,0,0,6.3233e-10,0,0,0,0,0,0,0,0,2.9844e-09,0,0,0,0,0,0,0,0
0.0067275,4.9707e-05,0,0,1.3941e-07,8.6719e-08,6.2101e-08,3.1036e-09,6.856e-11,2.0928e-14,0,0,0,0,0,0,4.9526e-08,1.2424e-08,0,0,0,0,0,0,0,0,0,0,0,0,0,0,5.1527e-06,6.6664e-07,1.9144e-05,3.7735e-06,0,0,0,0,0,0,0,0,0,0,0,0,0,0,0,0,0,0,0,0,0,0,0,0,0,0,0,0,0,0,0,0,0,8.9855e-08,0,3.1452e-06,0,0,0,0,0,0,0,0,0,7.4779e-10,0,0,0,0,0,0,0,0,3.4941e-09,0,0,0,0,0,0,0,0
0.0074002,4.9663e-05,0,0,1.6123e-07,1.0028e-07,7.1819e-08,3.5894e-09,8.3666e-11,2.0946e-14,0,0,0,0,0,0,5.6823e-08,1.4254e-08,0,0,0,0,0,0,0,0,0,0,0,0,0,0,5.1489e-06,6.6577e-07,1.9113e-05,3.7731e-06,0,0,0,0,0,0,0,0,0,0,0,0,0,0,0,0,0,0,0,0,0,0,0,0,0,0,0,0,0,0,0,0,0,1.1004e-07,0,3.1431e-06,0,0,0,0,0,0,0,0,0,8.8113e-10,0,0,0,0,0,0,0,0,4.0776e-09,0,0,0,0,0,0,0,0
0.0081403,4.9613e-05,0,0,1.8605e-07,1.1572e-07,8.2877e-08,4.1415e-09,1.019e-10,2.0959e-14,0,0,0,0,0,0,6.5023e-08,1.6312e-08,0,0,0,0,0,0,0,0,0,0,0,0,0,0,5.1447e-06,6.6481e-07,1.9077e-05,3.7726e-06,0,0,0,0,0,0,0,0,0,0,0,0,0,0,0,0,0,0,0,0,0,0,0,0,0,0,0,0,0,0,0,0,0,1.3313e-07,0,3.1408e-06,0,0,0,0,0,0,0,0,0,1.0349e-09,0,0,0,0,0,0,0,0,4.744e-09,0,0,0,0,0,0,0,0
0.0089543,4.9556e-05,0,0,2.1426e-07,1.3326e-07,9.5439e-08,4.7695e-09,1.2369e-10,2.0969e-14,0,0,0,0,0,0,7.4231e-08,1.8623e-08,0,0,0,0,0,0,0,0,0,0,0,0,0,0,5.1401e-06,6.6373e-07,1.9036e-05,3.772e-06,0,0,0,0,0,0,0,0,0,0,0,0,0,0,0,0,0,0,0,0,0,0,0,0,0,0,0,0,0,0,0,0,0,1.5946e-07,0,3.1383e-06,0,0,0,0,0,0,0,0,0,1.212e-09,0,0,0,0,0,0,0,0,5.5037e-09,0,0,0,0,0,0,0,0
0.0098497,4.9492e-05,0,0,2.4623e-07,1.5314e-07,1.0968e-07,5.4808e-09,1.4994e-10,2.0976e-14,0,0,0,0,0,0,8.4561e-08,2.1213e-08,0,0,0,0,0,0,0,0,0,0,0,0,0,0,5.1351e-06,6.6254e-07,1.8989e-05,3.7714e-06,0,0,0,0,0,0,0,0,0,0,0,0,0,0,0,0,0,0,0,0,0,0,0,0,0,0,0,0,0,0,0,0,0,1.8943e-07,0,3.1354e-06,0,0,0,0,0,0,0,0,0,1.4158e-09,0,0,0,0,0,0,0,0,6.368e-09,0,0,0,0,0,0,0,0
0.010835,4.9419e-05,0,0,2.8242e-07,1.7564e-07,1.258e-07,6.2864e-09,1.8117e-10,2.0981e-14,0,0,0,0,0,0,9.6135e-08,2.4118e-08,0,0,0,0,0,0,0,0,0,0,0,0,0,0,5.1296e-06,6.6122e-07,1.8936e-05,3.7707e-06,0,0,0,0,0,0,0,0,0,0,0,0,0,0,0,0,0,0,0,0,0,0,0,0,0,0,0,0,0,0,0,0,0,2.2348e-07,0,3.1322e-06,0,0,0,0,0,0,0,0,0,1.65e-09,0,0,0,0,0,0,0,0,7.349e-09,0,0,0,0,0,0,0,0
0.011918,4.9337e-05,0,0,3.2329e-07,2.0105e-07,1.4401e-07,7.1959e-09,2.1847e-10,2.0985e-14,0,0,0,0,0,0,1.0909e-07,2.7369e-08,0,0,0,0,0,0,0,0,0,0,0,0,0,0,5.1237e-06,6.5975e-07,1.8875e-05,3.7698e-06,0,0,0,0,0,0,0,0,0,0,0,0,0,0,0,0,0,0,0,0,0,0,0,0,0,0,0,0,0,0,0,0,0,2.6205e-07,0,3.1287e-06,0,0,0,0,0,0,0,0,0,1.9188e-09,0,0,0,0,0,0,0,0,8.4602e-09,0,0,0,0,0,0,0,0
0.01311,4.9244e-05,0,0,3.6933e-07,2.2967e-07,1.6452e-07,8.2199e-09,2.6288e-10,2.0988e-14,0,0,0,0,0,0,1.2358e-07,3.1002e-08,0,0,0,0,0,0,0,0,0,0,0,0,0,0,5.1171e-06,6.5812e-07,1.8807e-05,3.7689e-06,0,0,0,0,0,0,0,0,0,0,0,0,0,0,0,0,0,0,0,0,0,0,0,0,0,0,0,0,0,0,0,0,0,3.0564e-07,0,3.1247e-06,0,0,0,0,0,0,0,0,0,2.2271e-09,0,0,0,0,0,0,0,0,9.7154e-09,0,0,0,0,0,0,0,0
0.014421,4.914e-05,0,0,4.2107e-07,2.6184e-07,1.8756e-07,9.3707e-09,3.1548e-10,2.0991e-14,0,0,0,0,0,0,1.3976e-07,3.506e-08,0,0,0,0,0,0,0,0,0,0,0,0,0,0,5.11e-06,6.5633e-07,1.873e-05,3.7677e-06,0,0,0,0,0,0,0,0,0,0,0,0,0,0,0,0,0,0,0,0,0,0,0,0,0,0,0,0,0,0,0,0,0,3.5477e-07,0,3.1203e-06,0,0,0,0,0,0,0,0,0,2.5801e-09,0,0,0,0,0,0,0,0,1.113e-08,0,0,0,0,0,0,0,0
0.015863,4.9023e-05,0,0,4.7905e-07,2.9788e-07,2.1339e-07,1.0661e-08,3.7749e-10,2.0992e-14,0,0,0,0,0,0,1.578e-07,3.9587e-08,0,0,0,0,0,0,0,0,0,0,0,0,0,0,5.1023e-06,6.5434e-07,1.8643e-05,3.7665e-06,0,0,0,0,0,0,0,0,0,0,0,0,0,0,0,0,0,0,0,0,0,0,0,0,0,0,0,0,0,0,0,0,0,4.0997e-07,0,3.1155e-06,0,0,0,0,0,0,0,0,0,2.9841e-09,0,0,0,0,0,0,0,0,1.2719e-08,0,0,0,0,0,0,0,0
0.017449,4.8893e-05,0,0,5.4384e-07,3.3815e-07,2.4225e-07,1.2103e-08,4.505e-10,2.0994e-14,0,0,0,0,0,0,1.7789e-07,4.463e-08,0,0,0,0,0,0,0,0,0,0,0,0,0,0,5.0938e-06,6.5216e-07,1.8546e-05,3.765e-06,0,0,0,0,0,0,0,0,0,0,0,0,0,0,0,0,0,0,0,0,0,0,0,0,0,0,0,0,0,0,0,0,0,4.7181e-07,0,3.11e-06,0,0,0,0,0,0,0,0,0,3.4457e-09,0,0,0,0,0,0,0,0,1.45e-08,0,0,0,0,0,0,0,0
0.019194,4.8747e-05,0,0,6.1601e-07,3.8301e-07,2.744e-07,1.3709e-08,5.3614e-10,2.0995e-14,0,0,0,0,0,0,2.0023e-07,5.0238e-08,0,0,0,0,0,0,0,0,0,0,0,0,0,0,5.0846e-06,6.4976e-07,1.8437e-05,3.7634e-06,0,0,0,0,0,0,0,0,0,0,0,0,0,0,0,0,0,0,0,0,0,0,0,0,0,0,0,0,0,0,0,0,0,5.4083e-07,0,3.104e-06,0,0,0,0,0,0,0,0,0,3.9725e-09,0,0,0,0,0,0,0,0,1.6487e-08,0,0,0,0,0,0,0,0
0.021114,4.8586e-05,0,0,6.9611e-07,4.3279e-07,3.1008e-07,1.549e-08,6.3636e-10,2.0996e-14,0,0,0,0,0,0,2.2505e-07,5.6462e-08,0,0,0,0,0,0,0,0,0,0,0,0,0,0,5.0746e-06,6.4713e-07,1.8317e-05,3.7615e-06,0,0,0,0,0,0,0,0,0,0,0,0,0,0,0,0,0,0,0,0,0,0,0,0,0,0,0,0,0,0,0,0,0,6.1759e-07,0,3.0973e-06,0,0,0,0,0,0,0,0,0,4.5731e-09,0,0,0,0,0,0,0,0,1.8699e-08,0,0,0,0,0,0,0,0
0.023225,4.8407e-05,0,0,7.8469e-07,4.8784e-07,3.4954e-07,1.746e-08,7.5279e-10,2.0996e-14,0,0,0,0,0,0,2.5256e-07,6.3366e-08,0,0,0,0,0,0,0,0,0,0,0,0,0,0,5.0638e-06,6.4426e-07,1.8183e-05,3.7594e-06,0,0,0,0,0,0,0,0,0,0,0,0,0,0,0,0,0,0,0,0,0,0,0,0,0,0,0,0,0,0,0,0,0,7.0261e-07,0,3.0899e-06,0,0,0,0,0,0,0,0,0,5.2567e-09,0,0,0,0,0,0,0,0,2.1151e-08,0,0,0,0,0,0,0,0
0.025548,4.821e-05,0,0,8.8224e-07,5.4846e-07,3.9299e-07,1.963e-08,8.8752e-10,2.0997e-14,0,0,0,0,0,0,2.83e-07,7.1005e-08,0,0,0,0,0,0,0,0,0,0,0,0,0,0,5.052e-06,6.4112e-07,1.8035e-05,3.757e-06,0,0,0,0,0,0,0,0,0,0,0,0,0,0,0,0,0,0,0,0,0,0,0,0,0,0,0,0,0,0,0,0,0,7.964e-07,0,3.0816e-06,0,0,0,0,0,0,0,0,0,6.0338e-09,0,0,0,0,0,0,0,0,2.3857e-08,0,0,0,0,0,0,0,0
0.028102,4.7997e-05,0,0,9.8699e-07,6.1354e-07,4.3965e-07,2.1959e-08,1.0404e-09,2.0997e-14,0,0,0,0,0,0,3.1662e-07,7.944e-08,0,0,0,0,0,0,0,0,0,0,0,0,0,0,5.0393e-06,6.377e-07,1.7876e-05,3.7542e-06,0,0,0,0,0,0,0,0,0,0,0,0,0,0,0,0,0,0,0,0,0,0,0,0,0,0,0,0,0,0,0,0,0,8.9708e-07,0,3.0724e-06,0,0,0,0,0,0,0,0,0,6.9157e-09,0,0,0,0,0,0,0,0,2.677e-08,0,0,0,0,0,0,0,0
0.030913,4.7775e-05,0,0,1.0957e-06,6.811e-07,4.8808e-07,2.4378e-08,1.208e-09,2.0997e-14,0,0,0,0,0,0,3.5369e-07,8.8743e-08,0,0,0,0,0,0,0,0,0,0,0,0,0,0,5.0255e-06,6.3399e-07,1.7713e-05,3.7511e-06,0,0,0,0,0,0,0,0,0,0,0,0,0,0,0,0,0,0,0,0,0,0,0,0,0,0,0,0,0,0,0,0,0,1.0013e-06,0,3.062e-06,0,0,0,0,0,0,0,0,0,7.9151e-09,0,0,0,0,0,0,0,0,2.9803e-08,0,0,0,0,0,0,0,0
0.034004,4.7543e-05,0,0,1.2083e-06,7.5104e-07,5.3823e-07,2.688e-08,1.3919e-09,2.0997e-14,0,0,0,0,0,0,3.9449e-07,9.8979e-08,0,0,0,0,0,0,0,0,0,0,0,0,0,0,5.0107e-06,6.2998e-07,1.7544e-05,3.7475e-06,0,0,0,0,0,0,0,0,0,0,0,0,0,0,0,0,0,0,0,0,0,0,0,0,0,0,0,0,0,0,0,0,0,1.109e-06,0,3.0502e-06,0,0,0,0,0,0,0,0,0,9.0462e-09,0,0,0,0,0,0,0,0,3.2953e-08,0,0,0,0,0,0,0,0
0.037404,4.7302e-05,0,0,1.3246e-06,8.2331e-07,5.9006e-07,2.9467e-08,1.5923e-09,2.0998e-14,0,0,0,0,0,0,4.3931e-07,1.1023e-07,0,0,0,0,0,0,0,0,0,0,0,0,0,0,4.9947e-06,6.2564e-07,1.7371e-05,3.7435e-06,0,0,0,0,0,0,0,0,0,0,0,0,0,0,0,0,0,0,0,0,0,0,0,0,0,0,0,0,0,0,0,0,0,1.2199e-06,0,3.037e-06,0,0,0,0,0,0,0,0,0,1.0324e-08,0,0,0,0,0,0,0,0,3.622e-08,0,0,0,0,0,0,0,0
0.041145,4.705e-05,0,0,1.4446e-06,8.9783e-07,6.435e-07,3.2134e-08,1.8101e-09,2.0998e-14,0,0,0,0,0,0,4.8848e-07,1.2257e-07,0,0,0,0,0,0,0,0,0,0,0,0,0,0,4.9775e-06,6.2097e-07,1.7193e-05,3.739e-06,0,0,0,0,0,0,0,0,0,0,0,0,0,0,0,0,0,0,0,0,0,0,0,0,0,0,0,0,0,0,0,0,0,1.3339e-06,0,3.0223e-06,0,0,0,0,0,0,0,0,0,1.1767e-08,0,0,0,0,0,0,0,0,3.9601e-08,0,0,0,0,0,0,0,0
0.045259,4.6789e-05,0,0,1.568e-06,9.7449e-07,6.9848e-07,3.4878e-08,2.0463e-09,2.0998e-14,0,0,0,0,0,0,5.4231e-07,1.3608e-07,0,0,0,0,0,0,0,0,0,0,0,0,0,0,4.9589e-06,6.1596e-07,1.7011e-05,3.7339e-06,0,0,0,0,0,0,0,0,0,0,0,0,0,0,0,0,0,0,0,0,0,0,0,0,0,0,0,0,0,0,0,0,0,1.4509e-06,0,3.0058e-06,0,0,0,0,0,0,0,0,0,1.3392e-08,0,0,0,0,0,0,0,0,4.3096e-08,0,0,0,0,0,0,0,0
0.049785,4.6518e-05,0,0,1.6948e-06,1.0532e-06,7.5495e-07,3.7695e-08,2.3014e-09,2.0998e-14,0,0,0,0,0,0,6.0114e-07,1.5084e-07,0,0,0,0,0,0,0,0,0,0,0,0,0,0,4.9391e-06,6.1059e-07,1.6825e-05,3.7282e-06,0,0,0,0,0,0,0,0,0,0,0,0,0,0,0,0,0,0,0,0,0,0,0,0,0,0,0,0,0,0,0,0,0,1.5706e-06,0,2.9874e-06,0,0,0,0,0,0,0,0,0,1.522e-08,0,0,0,0,0,0,0,0,4.6702e-08,0,0,0,0,0,0,0,0
0.054764,4.6238e-05,0,0,1.8247e-06,1.1339e-06,8.1283e-07,4.0584e-08,2.5757e-09,2.0998e-14,0,0,0,0,0,0,6.6436e-07,1.6671e-07,0,0,0,0,0,0,0,0,0,0,0,0,0,0,4.9178e-06,6.0501e-07,1.6636e-05,3.7218e-06,0,0,0,0,0,0,0,0,0,0,0,0,0,0,0,0,0,0,0,0,0,0,0,0,0,0,0,0,0,0,0,0,0,1.6928e-06,0,2.9674e-06,0,0,0,0,0,0,0,0,0,1.7273e-08,0,0,0,0,0,0,0,0,5.0415e-08,0,0,0,0,0,0,0,0
0.06024,4.5949e-05,0,0,1.9577e-06,1.2164e-06,8.7204e-07,4.3537e-08,2.8703e-09,2.0998e-14,0,0,0,0,0,0,7.3198e-07,1.8368e-07,0,0,0,0,0,0,0,0,0,0,0,0,0,0,4.8951e-06,5.9927e-07,1.6445e-05,3.7146e-06,0,0,0,0,0,0,0,0,0,0,0,0,0,0,0,0,0,0,0,0,0,0,0,0,0,0,0,0,0,0,0,0,0,1.8175e-06,0,2.9458e-06,0,0,0,0,0,0,0,0,0,1.9573e-08,0,0,0,0,0,0,0,0,5.4232e-08,0,0,0,0,0,0,0,0
0.066264,4.5651e-05,0,0,2.0934e-06,1.3007e-06,9.3252e-07,4.6553e-08,3.1854e-09,2.0998e-14,0,0,0,0,0,0,8.0428e-07,2.0182e-07,0,0,0,0,0,0,0,0,0,0,0,0,0,0,4.8708e-06,5.9337e-07,1.625e-05,3.7066e-06,0,0,0,0,0,0,0,0,0,0,0,0,0,0,0,0,0,0,0,0,0,0,0,0,0,0,0,0,0,0,0,0,0,1.9443e-06,0,2.9225e-06,0,0,0,0,0,0,0,0,0,2.2146e-08,0,0,0,0,0,0,0,0,5.8152e-08,0,0,0,0,0,0,0,0
0.07289,4.5345e-05,0,0,2.2319e-06,1.3866e-06,9.9418e-07,4.9629e-08,3.5217e-09,2.0998e-14,0,0,0,0,0,0,8.8154e-07,2.2122e-07,0,0,0,0,0,0,0,0,0,0,0,0,0,0,4.8449e-06,5.8733e-07,1.6053e-05,3.6976e-06,0,0,0,0,0,0,0,0,0,0,0,0,0,0,0,0,0,0,0,0,0,0,0,0,0,0,0,0,0,0,0,0,0,2.0731e-06,0,2.8973e-06,0,0,0,0,0,0,0,0,0,2.5019e-08,0,0,0,0,0,0,0,0,6.2172e-08,0,0,0,0,0,0,0,0
0.08018,4.503e-05,0,0,2.3728e-06,1.4741e-06,1.0569e-06,5.2759e-08,3.88e-09,2.0998e-14,0,0,0,0,0,0,9.6408e-07,2.4194e-07,0,0,0,0,0,0,0,0,0,0,0,0,0,0,4.8173e-06,5.8116e-07,1.5855e-05,3.6876e-06,0,0,0,0,0,0,0,0,0,0,0,0,0,0,0,0,0,0,0,0,0,0,0,0,0,0,0,0,0,0,0,0,0,2.2037e-06,0,2.8701e-06,0,0,0,0,0,0,0,0,0,2.8218e-08,0,0,0,0,0,0,0,0,6.6292e-08,0,0,0,0,0,0,0,0
0.088197,4.4707e-05,0,0,2.516e-06,1.563e-06,1.1208e-06,5.5941e-08,4.2608e-09,2.0998e-14,0,0,0,0,0,0,1.0522e-06,2.6406e-07,0,0,0,0,0,0,0,0,0,0,0,0,0,0,4.7881e-06,5.7487e-07,1.5655e-05,3.6765e-06,0,0,0,0,0,0,0,0,0,0,0,0,0,0,0,0,0,0,0,0,0,0,0,0,0,0,0,0,0,0,0,0,0,2.336e-06,0,2.8407e-06,0,0,0,0,0,0,0,0,0,3.1772e-08,0,0,0,0,0,0,0,0,7.0511e-08,0,0,0,0,0,0,0,0
0.097017,4.4376e-05,0,0,2.6614e-06,1.6532e-06,1.1855e-06,5.917e-08,4.6649e-09,2.0998e-14,0,0,0,0,0,0,1.1462e-06,2.8767e-07,0,0,0,0,0,0,0,0,0,0,0,0,0,0,4.7571e-06,5.6847e-07,1.5454e-05,3.6642e-06,0,0,0,0,0,0,0,0,0,0,0,0,0,0,0,0,0,0,0,0,0,0,0,0,0,0,0,0,0,0,0,0,0,2.4696e-06,0,2.8091e-06,0,0,0,0,0,0,0,0,0,3.5711e-08,0,0,0,0,0,0,0,0,7.4827e-08,0,0,0,0,0,0,0,0
0.10672,4.4036e-05,0,0,2.8084e-06,1.7444e-06,1.251e-06,6.2433e-08,5.0905e-09,2.0998e-14,0,0,0,0,0,0,1.2465e-06,3.1284e-07,0,0,0,0,0,0,0,0,0,0,0,0,0,0,4.7249e-06,5.6197e-07,1.5251e-05,3.6505e-06,0,0,0,0,0,0,0,0,0,0,0,0,0,0,0,0,0,0,0,0,0,0,0,0,0,0,0,0,0,0,0,0,0,2.6045e-06,0,2.7751e-06,0,0,0,0,0,0,0,0,0,4.0065e-08,0,0,0,0,0,0,0,0,7.9237e-08,0,0,0,0,0,0,0,0
0.11739,4.3689e-05,0,0,2.9563e-06,1.8362e-06,1.3169e-06,6.5718e-08,5.5356e-09,2.0998e-14,0,0,0,0,0,0,1.3534e-06,3.3966e-07,0,0,0,0,0,0,0,0,0,0,0,0,0,0,4.6917e-06,5.5538e-07,1.5049e-05,3.6355e-06,0,0,0,0,0,0,0,0,0,0,0,0,0,0,0,0,0,0,0,0,0,0,0,0,0,0,0,0,0,0,0,0,0,2.7402e-06,0,2.7385e-06,0,0,0,0,0,0,0,0,0,4.4863e-08,0,0,0,0,0,0,0,0,8.3735e-08,0,0,0,0,0,0,0,0
0.12913,4.3335e-05,0,0,3.1051e-06,1.9284e-06,1.3831e-06,6.9021e-08,5.9998e-09,2.0998e-14,0,0,0,0,0,0,1.4671e-06,3.6822e-07,0,0,0,0,0,0,0,0,0,0,0,0,0,0,4.6577e-06,5.4873e-07,1.4846e-05,3.6191e-06,0,0,0,0,0,0,0,0,0,0,0,0,0,0,0,0,0,0,0,0,0,0,0,0,0,0,0,0,0,0,0,0,0,2.8765e-06,0,2.6992e-06,0,0,0,0,0,0,0,0,0,5.0134e-08,0,0,0,0,0,0,0,0,8.8321e-08,0,0,0,0,0,0,0,0
0.14204,4.2974e-05,0,0,3.2543e-06,2.021e-06,1.4496e-06,7.2334e-08,6.4828e-09,2.0998e-14,0,0,0,0,0,0,1.588e-06,3.9857e-07,0,0,0,0,0,0,0,0,0,0,0,0,0,0,4.6231e-06,5.4202e-07,1.4644e-05,3.601e-06,0,0,0,0,0,0,0,0,0,0,0,0,0,0,0,0,0,0,0,0,0,0,0,0,0,0,0,0,0,0,0,0,0,3.0134e-06,0,2.6571e-06,0,0,0,0,0,0,0,0,0,5.5907e-08,0,0,0,0,0,0,0,0,9.2994e-08,0,0,0,0,0,0,0,0
0.15625,4.2606e-05,0,0,3.4038e-06,2.1137e-06,1.5162e-06,7.5652e-08,6.9842e-09,2.0998e-14,0,0,0,0,0,0,1.7161e-06,4.3074e-07,0,0,0,0,0,0,0,0,0,0,0,0,0,0,4.5877e-06,5.3529e-07,1.4442e-05,3.5813e-06,0,0,0,0,0,0,0,0,0,0,0,0,0,0,0,0,0,0,0,0,0,0,0,0,0,0,0,0,0,0,0,0,0,3.1505e-06,0,2.6122e-06,0,0,0,0,0,0,0,0,0,6.2208e-08,0,0,0,0,0,0,0,0,9.775e-08,0,0,0,0,0,0,0,0
0.17187,4.2232e-05,0,0,3.5534e-06,2.2065e-06,1.5828e-06,7.8971e-08,7.503e-09,2.0998e-14,0,0,0,0,0,0,1.851e-06,4.6462e-07,0,0,0,0,0,0,0,0,0,0,0,0,0,0,4.5517e-06,5.2868e-07,1.424e-05,3.5599e-06,0,0,0,0,0,0,0,0,0,0,0,0,0,0,0,0,0,0,0,0,0,0,0,0,0,0,0,0,0,0,0,0,0,3.2878e-06,0,2.5645e-06,0,0,0,0,0,0,0,0,0,6.906e-08,0,0,0,0,0,0,0,0,1.0259e-07,0,0,0,0,0,0,0,0
0.18906,4.1853e-05,0,0,3.7028e-06,2.2991e-06,1.6494e-06,8.2286e-08,8.0386e-09,2.0998e-14,0,0,0,0,0,0,1.9931e-06,5.0029e-07,0,0,0,0,0,0,0,0,0,0,0,0,0,0,4.5153e-06,5.2216e-07,1.404e-05,3.5367e-06,0,0,0,0,0,0,0,0,0,0,0,0,0,0,0,0,0,0,0,0,0,0,0,0,0,0,0,0,0,0,0,0,0,3.425e-06,0,2.514e-06,0,0,0,0,0,0,0,0,0,7.6483e-08,0,0,0,0,0,0,0,0,1.075e-07,0,0,0,0,0,0,0,0
0.20797,4.1467e-05,0,0,3.8517e-06,2.3914e-06,1.7157e-06,8.5592e-08,8.5906e-09,2.0998e-14,0,0,0,0,0,0,2.1426e-06,5.3785e-07,0,0,0,0,0,0,0,0,0,0,0,0,0,0,4.4784e-06,5.1572e-07,1.3841e-05,3.5116e-06,0,0,0,0,0,0,0,0,0,0,0,0,0,0,0,0,0,0,0,0,0,0,0,0,0,0,0,0,0,0,0,0,0,3.562e-06,0,2.4606e-06,0,0,0,0,0,0,0,0,0,8.4495e-08,0,0,0,0,0,0,0,0,1.1249e-07,0,0,0,0,0,0,0,0
0.22876,4.1076e-05,0,0,4e-06,2.4834e-06,1.7818e-06,8.8882e-08,9.1584e-09,2.0998e-14,0,0,0,0,0,0,2.2999e-06,5.7734e-07,0,0,0,0,0,0,0,0,0,0,0,0,0,0,4.4412e-06,5.0935e-07,1.3643e-05,3.4847e-06,0,0,0,0,0,0,0,0,0,0,0,0,0,0,0,0,0,0,0,0,0,0,0,0,0,0,0,0,0,0,0,0,0,3.6987e-06,0,2.404e-06,0,0,0,0,0,0,0,0,0,9.3106e-08,0,0,0,0,0,0,0,0,1.1756e-07,0,0,0,0,0,0,0,0
0.25164,4.0679e-05,0,0,4.1475e-06,2.5748e-06,1.8475e-06,9.2153e-08,9.7412e-09,2.0998e-14,0,0,0,0,0,0,2.4649e-06,6.1879e-07,0,0,0,0,0,0,0,0,0,0,0,0,0,0,4.4037e-06,5.0305e-07,1.3448e-05,3.4559e-06,0,0,0,0,0,0,0,0,0,0,0,0,0,0,0,0,0,0,0,0,0,0,0,0,0,0,0,0,0,0,0,0,0,3.8347e-06,0,2.3443e-06,0,0,0,0,0,0,0,0,0,1.0232e-07,0,0,0,0,0,0,0,0,1.2269e-07,0,0,0,0,0,0,0,0
0.2768,4.0278e-05,0,0,4.2938e-06,2.6654e-06,1.9127e-06,9.5399e-08,1.0338e-08,2.0998e-14,0,0,0,0,0,0,2.6378e-06,6.6222e-07,0,0,0,0,0,0,0,0,0,0,0,0,0,0,4.366e-06,4.968e-07,1.3254e-05,3.4252e-06,0,0,0,0,0,0,0,0,0,0,0,0,0,0,0,0,0,0,0,0,0,0,0,0,0,0,0,0,0,0,0,0,0,3.97e-06,0,2.2815e-06,0,0,0,0,0,0,0,0,0,1.1214e-07,0,0,0,0,0,0,0,0,1.2789e-07,0,0,0,0,0,0,0,0
0.30448,3.9872e-05,0,0,4.4389e-06,2.7553e-06,1.9773e-06,9.8616e-08,1.0948e-08,2.0998e-14,0,0,0,0,0,0,2.8185e-06,7.0762e-07,0,0,0,0,0,0,0,0,0,0,0,0,0,0,4.3282e-06,4.906e-07,1.3063e-05,3.3926e-06,0,0,0,0,0,0,0,0,0,0,0,0,0,0,0,0,0,0,0,0,0,0,0,0,0,0,0,0,0,0,0,0,0,4.1044e-06,0,2.2155e-06,0,0,0,0,0,0,0,0,0,1.2256e-07,0,0,0,0,0,0,0,0,1.3315e-07,0,0,0,0,0,0,0,0
0.33493,3.9461e-05,0,0,4.5824e-06,2.8442e-06,2.0412e-06,1.018e-07,1.1571e-08,2.0998e-14,0,0,0,0,0,0,3.0068e-06,7.5491e-07,0,0,0,0,0,0,0,0,0,0,0,0,0,0,4.2904e-06,4.8446e-07,1.2875e-05,3.3582e-06,0,0,0,0,0,0,0,0,0,0,0,0,0,0,0,0,0,0,0,0,0,0,0,0,0,0,0,0,0,0,0,0,0,4.2377e-06,0,2.1465e-06,0,0,0,0,0,0,0,0,0,1.3357e-07,0,0,0,0,0,0,0,0,1.3846e-07,0,0,0,0,0,0,0,0
0.36842,3.9048e-05,0,0,4.7242e-06,2.9321e-06,2.1044e-06,1.0494e-07,1.2205e-08,2.0998e-14,0,0,0,0,0,0,3.2024e-06,8.0404e-07,0,0,0,0,0,0,0,0,0,0,0,0,0,0,4.2527e-06,4.7836e-07,1.2689e-05,3.322e-06,0,0,0,0,0,0,0,0,0,0,0,0,0,0,0,0,0,0,0,0,0,0,0,0,0,0,0,0,0,0,0,0,0,4.3697e-06,0,2.0745e-06,0,0,0,0,0,0,0,0,0,1.4513e-07,0,0,0,0,0,0,0,0,1.4382e-07,0,0,0,0,0,0,0,0
0.40526,3.8633e-05,0,0,4.864e-06,3.0187e-06,2.1667e-06,1.0804e-07,1.2848e-08,2.0998e-14,0,0,0,0,0,0,3.4037e-06,8.5459e-07,0,0,0,0,0,0,0,0,0,0,0,0,0,0,4.2151e-06,4.7233e-07,1.2506e-05,3.2845e-06,0,0,0,0,0,0,0,0,0,0,0,0,0,0,0,0,0,0,0,0,0,0,0,0,0,0,0,0,0,0,0,0,0,4.5002e-06,0,2.0002e-06,0,0,0,0,0,0,0,0,0,1.5714e-07,0,0,0,0,0,0,0,0,1.4919e-07,0,0,0,0,0,0,0,0
0.44579,3.8224e-05,0,0,5.0017e-06,3.104e-06,2.228e-06,1.1109e-07,1.3496e-08,2.0998e-14,0,0,0,0,0,0,3.6021e-06,9.0444e-07,0,0,0,0,0,0,0,0,0,0,0,0,0,0,4.1778e-06,4.6635e-07,1.2326e-05,3.2475e-06,0,0,0,0,0,0,0,0,0,0,0,0,0,0,0,0,0,0,0,0,0,0,0,0,0,0,0,0,0,0,0,0,0,4.6284e-06,0,1.9269e-06,0,0,0,0,0,0,0,0,0,1.6897e-07,0,0,0,0,0,0,0,0,1.5448e-07,0,0,0,0,0,0,0,0
0.49037,3.7821e-05,0,0,5.1372e-06,3.1879e-06,2.2884e-06,1.141e-07,1.4147e-08,2.0998e-14,0,0,0,0,0,0,3.7976e-06,9.5357e-07,0,0,0,0,0,0,0,0,0,0,0,0,0,0,4.1408e-06,4.6043e-07,1.215e-05,3.2111e-06,0,0,0,0,0,0,0,0,0,0,0,0,0,0,0,0,0,0,0,0,0,0,0,0,0,0,0,0,0,0,0,0,0,4.7545e-06,0,1.8547e-06,0,0,0,0,0,0,0,0,0,1.8061e-07,0,0,0,0,0,0,0,0,1.5968e-07,0,0,0,0,0,0,0,0
0.53941,3.7425e-05,0,0,5.2705e-06,3.2704e-06,2.3477e-06,1.1705e-07,1.4801e-08,2.0998e-14,0,0,0,0,0,0,3.9902e-06,1.002e-06,0,0,0,0,0,0,0,0,0,0,0,0,0,0,4.1041e-06,4.5456e-07,1.1977e-05,3.1753e-06,0,0,0,0,0,0,0,0,0,0,0,0,0,0,0,0,0,0,0,0,0,0,0,0,0,0,0,0,0,0,0,0,0,4.8783e-06,0,1.7836e-06,0,0,0,0,0,0,0,0,0,1.9206e-07,0,0,0,0,0,0,0,0,1.6479e-07,0,0,0,0,0,0,0,0
0.59335,3.7035e-05,0,0,5.4014e-06,3.3515e-06,2.406e-06,1.1995e-07,1.5457e-08,2.0998e-14,0,0,0,0,0,0,4.1798e-06,1.0496e-06,0,0,0,0,0,0,0,0,0,0,0,0,0,0,4.0677e-06,4.4874e-07,1.1808e-05,3.1401e-06,0,0,0,0,0,0,0,0,0,0,0,0,0,0,0,0,0,0,0,0,0,0,0,0,0,0,0,0,0,0,0,0,0,4.9998e-06,0,1.7136e-06,0,0,0,0,0,0,0,0,0,2.0332e-07,0,0,0,0,0,0,0,0,1.6981e-07,0,0,0,0,0,0,0,0
0.65268,3.6653e-05,0,0,5.53e-06,3.4311e-06,2.4633e-06,1.228e-07,1.6113e-08,2.0998e-14,0,0,0,0,0,0,4.3663e-06,1.0965e-06,0,0,0,0,0,0,0,0,0,0,0,0,0,0,4.0318e-06,4.4298e-07,1.1642e-05,3.1055e-06,0,0,0,0,0,0,0,0,0,0,0,0,0,0,0,0,0,0,0,0,0,0,0,0,0,0,0,0,0,0,0,0,0,5.1189e-06,0,1.6446e-06,0,0,0,0,0,0,0,0,0,2.1437e-07,0,0,0,0,0,0,0,0,1.7474e-07,0,0,0,0,0,0,0,0
0.71795,3.6277e-05,0,0,5.6561e-06,3.5092e-06,2.5195e-06,1.256e-07,1.6769e-08,2.0998e-14,0,0,0,0,0,0,4.5497e-06,1.1426e-06,0,0,0,0,0,0,0,0,0,0,0,0,0,0,3.9964e-06,4.3728e-07,1.1479e-05,3.0716e-06,0,0,0,0,0,0,0,0,0,0,0,0,0,0,0,0,0,0,0,0,0,0,0,0,0,0,0,0,0,0,0,0,0,5.2356e-06,0,1.5769e-06,0,0,0,0,0,0,0,0,0,2.2522e-07,0,0,0,0,0,0,0,0,1.7957e-07,0,0,0,0,0,0,0,0
0.78975,3.5909e-05,0,0,5.7797e-06,3.5857e-06,2.5746e-06,1.2834e-07,1.7424e-08,2.0998e-14,0,0,0,0,0,0,4.73e-06,1.1879e-06,0,0,0,0,0,0,0,0,0,0,0,0,0,0,3.9614e-06,4.3163e-07,1.132e-05,3.0383e-06,0,0,0,0,0,0,0,0,0,0,0,0,0,0,0,0,0,0,0,0,0,0,0,0,0,0,0,0,0,0,0,0,0,5.3499e-06,0,1.5103e-06,0,0,0,0,0,0,0,0,0,2.3587e-07,0,0,0,0,0,0,0,0,1.8431e-07,0,0,0,0,0,0,0,0
0.86872,3.5548e-05,0,0,5.9008e-06,3.6606e-06,2.6285e-06,1.3102e-07,1.8077e-08,2.0998e-14,0,0,0,0,0,0,4.907e-06,1.2324e-06,0,0,0,0,0,0,0,0,0,0,0,0,0,0,3.927e-06,4.2604e-07,1.1164e-05,3.0057e-06,0,0,0,0,0,0,0,0,0,0,0,0,0,0,0,0,0,0,0,0,0,0,0,0,0,0,0,0,0,0,0,0,0,5.4618e-06,0,1.4448e-06,0,0,0,0,0,0,0,0,0,2.463e-07,0,0,0,0,0,0,0,0,1.8895e-07,0,0,0,0,0,0,0,0
0.95559,3.5194e-05,0,0,6.0192e-06,3.734e-06,2.6813e-06,1.3364e-07,1.8726e-08,2.0998e-14,0,0,0,0,0,0,5.0806e-06,1.276e-06,0,0,0,0,0,0,0,0,0,0,0,0,0,0,3.8931e-06,4.2052e-07,1.1012e-05,2.9737e-06,0,0,0,0,0,0,0,0,0,0,0,0,0,0,0,0,0,0,0,0,0,0,0,0,0,0,0,0,0,0,0,0,0,5.5711e-06,0,1.3806e-06,0,0,0,0,0,0,0,0,0,2.5652e-07,0,0,0,0,0,0,0,0,1.9349e-07,0,0,0,0,0,0,0,0
1.0512,3.4848e-05,0,0,6.135e-06,3.8056e-06,2.7328e-06,1.3621e-07,1.9371e-08,2.0998e-14,0,0,0,0,0,0,5.2509e-06,1.3189e-06,0,0,0,0,0,0,0,0,0,0,0,0,0,0,3.8598e-06,4.1506e-07,1.0864e-05,2.9425e-06,0,0,0,0,0,0,0,0,0,0,0,0,0,0,0,0,0,0,0,0,0,0,0,0,0,0,0,0,0,0,0,0,0,5.6779e-06,0,1.3177e-06,0,0,0,0,0,0,0,0,0,2.6652e-07,0,0,0,0,0,0,0,0,1.9792e-07,0,0,0,0,0,0,0,0
1.1563,3.4509e-05,0,0,6.2481e-06,3.8756e-06,2.7832e-06,1.3871e-07,2.0011e-08,2.0998e-14,0,0,0,0,0,0,5.4176e-06,1.3608e-06,0,0,0,0,0,0,0,0,0,0,0,0,0,0,3.8271e-06,4.0968e-07,1.0719e-05,2.9119e-06,0,0,0,0,0,0,0,0,0,0,0,0,0,0,0,0,0,0,0,0,0,0,0,0,0,0,0,0,0,0,0,0,0,5.7821e-06,0,1.256e-06,0,0,0,0,0,0,0,0,0,2.7629e-07,0,0,0,0,0,0,0,0,2.0226e-07,0,0,0,0,0,0,0,0
1.2719,3.4179e-05,0,0,6.3585e-06,3.9439e-06,2.8324e-06,1.4116e-07,2.0644e-08,2.0998e-14,0,0,0,0,0,0,5.5801e-06,1.4016e-06,0,0,0,0,0,0,0,0,0,0,0,0,0,0,3.7951e-06,4.0436e-07,1.0578e-05,2.8822e-06,0,0,0,0,0,0,0,0,0,0,0,0,0,0,0,0,0,0,0,0,0,0,0,0,0,0,0,0,0,0,0,0,0,5.8836e-06,0,1.1959e-06,0,0,0,0,0,0,0,0,0,2.8578e-07,0,0,0,0,0,0,0,0,2.0648e-07,0,0,0,0,0,0,0,0
1.3991,3.3858e-05,0,0,6.4661e-06,4.0105e-06,2.8803e-06,1.4354e-07,2.127e-08,2.0998e-14,0,0,0,0,0,0,5.7383e-06,1.4414e-06,0,0,0,0,0,0,0,0,0,0,0,0,0,0,3.7638e-06,3.9912e-07,1.0441e-05,2.8534e-06,0,0,0,0,0,0,0,0,0,0,0,0,0,0,0,0,0,0,0,0,0,0,0,0,0,0,0,0,0,0,0,0,0,5.9825e-06,0,1.1374e-06,0,0,0,0,0,0,0,0,0,2.95e-07,0,0,0,0,0,0,0,0,2.1058e-07,0,0,0,0,0,0,0,0
1.539,3.3545e-05,0,0,6.5708e-06,4.0753e-06,2.927e-06,1.4586e-07,2.1889e-08,2.0998e-14,0,0,0,0,0,0,5.8925e-06,1.4802e-06,0,0,0,0,0,0,0,0,0,0,0,0,0,0,3.7332e-06,3.9396e-07,1.0308e-05,2.8254e-06,0,0,0,0,0,0,0,0,0,0,0,0,0,0,0,0,0,0,0,0,0,0,0,0,0,0,0,0,0,0,0,0,0,6.0787e-06,0,1.0803e-06,0,0,0,0,0,0,0,0,0,3.0395e-07,0,0,0,0,0,0,0,0,2.1458e-07,0,0,0,0,0,0,0,0
1.6929,3.324e-05,0,0,6.6728e-06,4.1384e-06,2.9724e-06,1.4812e-07,2.2498e-08,2.0998e-14,0,0,0,0,0,0,6.0428e-06,1.518e-06,0,0,0,0,0,0,0,0,0,0,0,0,0,0,3.7032e-06,3.8889e-07,1.0178e-05,2.7982e-06,0,0,0,0,0,0,0,0,0,0,0,0,0,0,0,0,0,0,0,0,0,0,0,0,0,0,0,0,0,0,0,0,0,6.1723e-06,0,1.0248e-06,0,0,0,0,0,0,0,0,0,3.1265e-07,0,0,0,0,0,0,0,0,2.1846e-07,0,0,0,0,0,0,0,0
1.8622,3.2943e-05,0,0,6.7719e-06,4.1997e-06,3.0165e-06,1.5031e-07,2.3098e-08,2.0998e-14,0,0,0,0,0,0,6.1893e-06,1.5548e-06,0,0,0,0,0,0,0,0,0,0,0,0,0,0,3.674e-06,3.8389e-07,1.0052e-05,2.7717e-06,0,0,0,0,0,0,0,0,0,0,0,0,0,0,0,0,0,0,0,0,0,0,0,0,0,0,0,0,0,0,0,0,0,6.2632e-06,0,9.7062e-07,0,0,0,0,0,0,0,0,0,3.2112e-07,0,0,0,0,0,0,0,0,2.2224e-07,0,0,0,0,0,0,0,0
2.0484,3.2654e-05,0,0,6.8682e-06,4.2592e-06,3.0594e-06,1.5244e-07,2.3688e-08,2.0998e-14,0,0,0,0,0,0,6.3321e-06,1.5908e-06,0,0,0,0,0,0,0,0,0,0,0,0,0,0,3.6456e-06,3.7899e-07,9.9298e-06,2.746e-06,0,0,0,0,0,0,0,0,0,0,0,0,0,0,0,0,0,0,0,0,0,0,0,0,0,0,0,0,0,0,0,0,0,6.3514e-06,0,9.178e-07,0,0,0,0,0,0,0,0,0,3.2935e-07,0,0,0,0,0,0,0,0,2.2591e-07,0,0,0,0,0,0,0,0
2.2532,3.2374e-05,0,0,6.9616e-06,4.317e-06,3.101e-06,1.5451e-07,2.4268e-08,2.0998e-14,0,0,0,0,0,0,6.4712e-06,1.6258e-06,0,0,0,0,0,0,0,0,0,0,0,0,0,0,3.6179e-06,3.7418e-07,9.8113e-06,2.7209e-06,0,0,0,0,0,0,0,0,0,0,0,0,0,0,0,0,0,0,0,0,0,0,0,0,0,0,0,0,0,0,0,0,0,6.437e-06,0,8.663e-07,0,0,0,0,0,0,0,0,0,3.3736e-07,0,0,0,0,0,0,0,0,2.2948e-07,0,0,0,0,0,0,0,0
2.4786,3.2102e-05,0,0,7.0521e-06,4.373e-06,3.1413e-06,1.5651e-07,2.4836e-08,2.0998e-14,0,0,0,0,0,0,6.6067e-06,1.6599e-06,0,0,0,0,0,0,0,0,0,0,0,0,0,0,3.5909e-06,3.6947e-07,9.6967e-06,2.6966e-06,0,0,0,0,0,0,0,0,0,0,0,0,0,0,0,0,0,0,0,0,0,0,0,0,0,0,0,0,0,0,0,0,0,6.5199e-06,0,8.1613e-07,0,0,0,0,0,0,0,0,0,3.4515e-07,0,0,0,0,0,0,0,0,2.3294e-07,0,0,0,0,0,0,0,0
2.7264,3.1838e-05,0,0,7.1397e-06,4.4271e-06,3.1803e-06,1.5845e-07,2.5392e-08,2.0998e-14,0,0,0,0,0,0,6.7384e-06,1.693e-06,0,0,0,0,0,0,0,0,0,0,0,0,0,0,3.5648e-06,3.649e-07,9.5857e-06,2.6729e-06,0,0,0,0,0,0,0,0,0,0,0,0,0,0,0,0,0,0,0,0,0,0,0,0,0,0,0,0,0,0,0,0,0,6.6001e-06,0,7.6737e-07,0,0,0,0,0,0,0,0,0,3.5272e-07,0,0,0,0,0,0,0,0,2.3629e-07,0,0,0,0,0,0,0,0
3,3.1581e-05,0,0,7.2247e-06,4.4797e-06,3.2182e-06,1.6033e-07,2.5937e-08,2.0998e-14,0,0,0,0,0,0,6.8666e-06,1.7253e-06,0,0,0,0,0,0,0,0,0,0,0,0,0,0,3.5393e-06,3.6047e-07,9.4782e-06,2.6498e-06,0,0,0,0,0,0,0,0,0,0,0,0,0,0,0,0,0,0,0,0,0,0,0,0,0,0,0,0,0,0,0,0,0,6.6779e-06,0,7.1989e-07,0,0,0,0,0,0,0,0,0,3.601e-07,0,0,0,0,0,0,0,0,2.3955e-07,0,0,0,0,0,0,0,0
3.3,3.1334e-05,0,0,7.3065e-06,4.5303e-06,3.2547e-06,1.6215e-07,2.6467e-08,2.0998e-14,0,0,0,0,0,0,6.9905e-06,1.7564e-06,0,0,0,0,0,0,0,0,0,0,0,0,0,0,3.5148e-06,3.5621e-07,9.3748e-06,2.6275e-06,0,0,0,0,0,0,0,0,0,0,0,0,0,0,0,0,0,0,0,0,0,0,0,0,0,0,0,0,0,0,0,0,0,6.7528e-06,0,6.7402e-07,0,0,0,0,0,0,0,0,0,3.6724e-07,0,0,0,0,0,0,0,0,2.4269e-07,0,0,0,0,0,0,0,0
3.63,3.1095e-05,0,0,7.3855e-06,4.5792e-06,3.2899e-06,1.6389e-07,2.6984e-08,2.0998e-14,0,0,0,0,0,0,7.1105e-06,1.7866e-06,0,0,0,0,0,0,0,0,0,0,0,0,0,0,3.491e-06,3.5211e-07,9.275e-06,2.6058e-06,0,0,0,0,0,0,0,0,0,0,0,0,0,0,0,0,0,0,0,0,0,0,0,0,0,0,0,0,0,0,0,0,0,6.8252e-06,0,6.2956e-07,0,0,0,0,0,0,0,0,0,3.7417e-07,0,0,0,0,0,0,0,0,2.4572e-07,0,0,0,0,0,0,0,0
3.993,3.0864e-05,0,0,7.4617e-06,4.6263e-06,3.3238e-06,1.6558e-07,2.7487e-08,2.0998e-14,0,0,0,0,0,0,7.2266e-06,1.8158e-06,0,0,0,0,0,0,0,0,0,0,0,0,0,0,3.468e-06,3.4817e-07,9.1789e-06,2.5848e-06,0,0,0,0,0,0,0,0,0,0,0,0,0,0,0,0,0,0,0,0,0,0,0,0,0,0,0,0,0,0,0,0,0,6.8949e-06,0,5.865e-07,0,0,0,0,0,0,0,0,0,3.8089e-07,0,0,0,0,0,0,0,0,2.4866e-07,0,0,0,0,0,0,0,0
4.3923,3.0641e-05,0,0,7.5351e-06,4.6717e-06,3.3565e-06,1.672e-07,2.7975e-08,2.0998e-14,0,0,0,0,0,0,7.3391e-06,1.8441e-06,0,0,0,0,0,0,0,0,0,0,0,0,0,0,3.4459e-06,3.4437e-07,9.0864e-06,2.5645e-06,0,0,0,0,0,0,0,0,0,0,0,0,0,0,0,0,0,0,0,0,0,0,0,0,0,0,0,0,0,0,0,0,0,6.962e-06,0,5.4482e-07,0,0,0,0,0,0,0,0,0,3.8741e-07,0,0,0,0,0,0,0,0,2.5149e-07,0,0,0,0,0,0,0,0
4.8315,3.0426e-05,0,0,7.6057e-06,4.7153e-06,3.3879e-06,1.6877e-07,2.8449e-08,2.0998e-14,0,0,0,0,0,0,7.4476e-06,1.8714e-06,0,0,0,0,0,0,0,0,0,0,0,0,0,0,3.4245e-06,3.4072e-07,8.9975e-06,2.5448e-06,0,0,0,0,0,0,0,0,0,0,0,0,0,0,0,0,0,0,0,0,0,0,0,0,0,0,0,0,0,0,0,0,0,7.0266e-06,0,5.046e-07,0,0,0,0,0,0,0,0,0,3.937e-07,0,0,0,0,0,0,0,0,2.5422e-07,0,0,0,0,0,0,0,0
5.3147,3.0219e-05,0,0,7.6736e-06,4.7573e-06,3.4182e-06,1.7027e-07,2.8909e-08,2.0998e-14,0,0,0,0,0,0,7.552e-06,1.8977e-06,0,0,0,0,0,0,0,0,0,0,0,0,0,0,3.4039e-06,3.3722e-07,8.912e-06,2.5258e-06,0,0,0,0,0,0,0,0,0,0,0,0,0,0,0,0,0,0,0,0,0,0,0,0,0,0,0,0,0,0,0,0,0,7.0888e-06,0,4.6588e-07,0,0,0,0,0,0,0,0,0,3.9976e-07,0,0,0,0,0,0,0,0,2.5684e-07,0,0,0,0,0,0,0,0
5.8461,3.0021e-05,0,0,7.7389e-06,4.7976e-06,3.4473e-06,1.7171e-07,2.9354e-08,2.0998e-14,0,0,0,0,0,0,7.6524e-06,1.923e-06,0,0,0,0,0,0,0,0,0,0,0,0,0,0,3.384e-06,3.3386e-07,8.8299e-06,2.5076e-06,0,0,0,0,0,0,0,0,0,0,0,0,0,0,0,0,0,0,0,0,0,0,0,0,0,0,0,0,0,0,0,0,0,7.1484e-06,0,4.2865e-07,0,0,0,0,0,0,0,0,0,4.0559e-07,0,0,0,0,0,0,0,0,2.5936e-07,0,0,0,0,0,0,0,0
6.4308,2.983e-05,0,0,7.8015e-06,4.8364e-06,3.4752e-06,1.731e-07,2.9784e-08,2.0998e-14,0,0,0,0,0,0,7.7489e-06,1.9473e-06,0,0,0,0,0,0,0,0,0,0,0,0,0,0,3.3649e-06,3.3063e-07,8.7511e-06,2.49e-06,0,0,0,0,0,0,0,0,0,0,0,0,0,0,0,0,0,0,0,0,0,0,0,0,0,0,0,0,0,0,0,0,0,7.2057e-06,0,3.9286e-07,0,0,0,0,0,0,0,0,0,4.112e-07,0,0,0,0,0,0,0,0,2.6178e-07,0,0,0,0,0,0,0,0
7,2.9668e-05,0,0,7.8548e-06,4.8693e-06,3.4989e-06,1.7428e-07,3.0148e-08,2.0998e-14,0,0,0,0,0,0,7.831e-06,1.9679e-06,0,0,0,0,0,0,0,0,0,0,0,0,0,0,3.3486e-06,3.279e-07,8.6843e-06,2.4751e-06,0,0,0,0,0,0,0,0,0,0,0,0,0,0,0,0,0,0,0,0,0,0,0,0,0,0,0,0,0,0,0,0,0,7.2544e-06,0,3.6243e-07,0,0,0,0,0,0,0,0,0,4.1598e-07,0,0,0,0,0,0,0,0,2.6384e-07,0,0,0,0,0,0,0,0
7.7,2.9491e-05,0,0,7.9127e-06,4.9051e-06,3.5247e-06,1.7556e-07,3.0554e-08,2.0998e-14,0,0,0,0,0,0,7.9205e-06,1.9905e-06,0,0,0,0,0,0,0,0,0,0,0,0,0,0,3.3309e-06,3.2492e-07,8.6114e-06,2.4588e-06,0,0,0,0,0,0,0,0,0,0,0,0,0,0,0,0,0,0,0,0,0,0,0,0,0,0,0,0,0,0,0,0,0,7.3074e-06,0,3.2924e-07,0,0,0,0,0,0,0,0,0,4.2118e-07,0,0,0,0,0,0,0,0,2.6609e-07,0,0,0,0,0,0,0,0
8.47,2.9321e-05,0,0,7.9683e-06,4.9395e-06,3.5495e-06,1.7679e-07,3.0943e-08,2.0998e-14,0,0,0,0,0,0,8.0063e-06,2.0121e-06,0,0,0,0,0,0,0,0,0,0,0,0,0,0,3.3139e-06,3.2207e-07,8.5417e-06,2.4432e-06,0,0,0,0,0,0,0,0,0,0,0,0,0,0,0,0,0,0,0,0,0,0,0,0,0,0,0,0,0,0,0,0,0,7.3582e-06,0,2.974e-07,0,0,0,0,0,0,0,0,0,4.2618e-07,0,0,0,0,0,0,0,0,2.6824e-07,0,0,0,0,0,0,0,0
9.317,2.9159e-05,0,0,8.0216e-06,4.9724e-06,3.5732e-06,1.7797e-07,3.1317e-08,2.0998e-14,0,0,0,0,0,0,8.0887e-06,2.0328e-06,0,0,0,0,0,0,0,0,0,0,0,0,0,0,3.2975e-06,3.1934e-07,8.4748e-06,2.4282e-06,0,0,0,0,0,0,0,0,0,0,0,0,0,0,0,0,0,0,0,0,0,0,0,0,0,0,0,0,0,0,0,0,0,7.4069e-06,0,2.6687e-07,0,0,0,0,0,0,0,0,0,4.3097e-07,0,0,0,0,0,0,0,0,2.703e-07,0,0,0,0,0,0,0,0
10.249,2.9003e-05,0,0,8.0726e-06,5.004e-06,3.5959e-06,1.791e-07,3.1678e-08,2.0998e-14,0,0,0,0,0,0,8.1676e-06,2.0527e-06,0,0,0,0,0,0,0,0,0,0,0,0,0,0,3.2818e-06,3.1673e-07,8.4109e-06,2.4139e-06,0,0,0,0,0,0,0,0,0,0,0,0,0,0,0,0,0,0,0,0,0,0,0,0,0,0,0,0,0,0,0,0,0,7.4535e-06,0,2.3761e-07,0,0,0,0,0,0,0,0,0,4.3557e-07,0,0,0,0,0,0,0,0,2.7228e-07,0,0,0,0,0,0,0,0
11.274,2.8854e-05,0,0,8.1214e-06,5.0341e-06,3.6177e-06,1.8018e-07,3.2025e-08,2.0998e-14,0,0,0,0,0,0,8.2431e-06,2.0717e-06,0,0,0,0,0,0,0,0,0,0,0,0,0,0,3.2668e-06,3.1424e-07,8.3497e-06,2.4001e-06,0,0,0,0,0,0,0,0,0,0,0,0,0,0,0,0,0,0,0,0,0,0,0,0,0,0,0,0,0,0,0,0,0,7.498e-06,0,2.0958e-07,0,0,0,0,0,0,0,0,0,4.3998e-07,0,0,0,0,0,0,0,0,2.7417e-07,0,0,0,0,0,0,0,0
12.401,2.8712e-05,0,0,8.1681e-06,5.063e-06,3.6385e-06,1.8121e-07,3.2358e-08,2.0998e-14,0,0,0,0,0,0,8.3154e-06,2.0899e-06,0,0,0,0,0,0,0,0,0,0,0,0,0,0,3.2524e-06,3.1185e-07,8.2913e-06,2.3869e-06,0,0,0,0,0,0,0,0,0,0,0,0,0,0,0,0,0,0,0,0,0,0,0,0,0,0,0,0,0,0,0,0,0,7.5406e-06,0,1.8277e-07,0,0,0,0,0,0,0,0,0,4.4419e-07,0,0,0,0,0,0,0,0,2.7597e-07,0,0,0,0,0,0,0,0
14,2.8537e-05,0,0,8.2255e-06,5.0984e-06,3.664e-06,1.8248e-07,3.2777e-08,2.0998e-14,0,0,0,0,0,0,8.4045e-06,2.1123e-06,0,0,0,0,0,0,0,0,0,0,0,0,0,0,3.2347e-06,3.0892e-07,8.2194e-06,2.3706e-06,0,0,0,0,0,0,0,0,0,0,0,0,0,0,0,0,0,0,0,0,0,0,0,0,0,0,0,0,0,0,0,0,0,7.593e-06,0,1.4973e-07,0,0,0,0,0,0,0,0,0,4.4939e-07,0,0,0,0,0,0,0,0,2.782e-07,0,0,0,0,0,0,0,0
15.4,2.8409e-05,0,0,8.2672e-06,5.1242e-06,3.6826e-06,1.834e-07,3.3071e-08,2.0998e-14,0,0,0,0,0,0,8.4693e-06,2.1286e-06,0,0,0,0,0,0,0,0,0,0,0,0,0,0,3.2218e-06,3.068e-07,8.1672e-06,2.3588e-06,0,0,0,0,0,0,0,0,0,0,0,0,0,0,0,0,0,0,0,0,0,0,0,0,0,0,0,0,0,0,0,0,0,7.6311e-06,0,1.2571e-07,0,0,0,0,0,0,0,0,0,4.5317e-07,0,0,0,0,0,0,0,0,2.7982e-07,0,0,0,0,0,0,0,0
16.94,2.8288e-05,0,0,8.307e-06,5.1488e-06,3.7003e-06,1.8428e-07,3.3359e-08,2.0998e-14,0,0,0,0,0,0,8.5311e-06,2.1442e-06,0,0,0,0,0,0,0,0,0,0,0,0,0,0,3.2095e-06,3.0477e-07,8.1175e-06,2.3475e-06,0,0,0,0,0,0,0,0,0,0,0,0,0,0,0,0,0,0,0,0,0,0,0,0,0,0,0,0,0,0,0,0,0,7.6674e-06,0,1.028e-07,0,0,0,0,0,0,0,0,0,4.5678e-07,0,0,0,0,0,0,0,0,2.8136e-07,0,0,0,0,0,0,0,0
18.634,2.8172e-05,0,0,8.3448e-06,5.1722e-06,3.7172e-06,1.8512e-07,3.3634e-08,2.0998e-14,0,0,0,0,0,0,8.5899e-06,2.159e-06,0,0,0,0,0,0,0,0,0,0,0,0,0,0,3.1977e-06,3.0285e-07,8.0702e-06,2.3368e-06,0,0,0,0,0,0,0,0,0,0,0,0,0,0,0,0,0,0,0,0,0,0,0,0,0,0,0,0,0,0,0,0,0,7.7019e-06,0,8.0991e-08,0,0,0,0,0,0,0,0,0,4.6022e-07,0,0,0,0,0,0,0,0,2.8283e-07,0,0,0,0,0,0,0,0
20.497,2.8062e-05,0,0,8.3807e-06,5.1944e-06,3.7332e-06,1.8591e-07,3.3896e-08,2.0998e-14,0,0,0,0,0,0,8.6457e-06,2.1731e-06,0,0,0,0,0,0,0,0,0,0,0,0,0,0,3.1866e-06,3.0102e-07,8.0254e-06,2.3266e-06,0,0,0,0,0,0,0,0,0,0,0,0,0,0,0,0,0,0,0,0,0,0,0,0,0,0,0,0,0,0,0,0,0,7.7346e-06,0,6.0267e-08,0,0,0,0,0,0,0,0,0,4.6348e-07,0,0,0,0,0,0,0,0,2.8422e-07,0,0,0,0,0,0,0,0
22.547,2.7958e-05,0,0,8.4148e-06,5.2154e-06,3.7483e-06,1.8667e-07,3.4146e-08,2.0998e-14,0,0,0,0,0,0,8.6988e-06,2.1864e-06,0,0,0,0,0,0,0,0,0,0,0,0,0,0,3.176e-06,2.9929e-07,7.9828e-06,2.3169e-06,0,0,0,0,0,0,0,0,0,0,0,0,0,0,0,0,0,0,0,0,0,0,0,0,0,0,0,0,0,0,0,0,0,7.7657e-06,0,4.0595e-08,0,0,0,0,0,0,0,0,0,4.6658e-07,0,0,0,0,0,0,0,0,2.8554e-07,0,0,0,0,0,0,0,0
24.802,2.7859e-05,0,0,8.4471e-06,5.2354e-06,3.7627e-06,1.8738e-07,3.4383e-08,2.0998e-14,0,0,0,0,0,0,8.7491e-06,2.1991e-06,0,0,0,0,0,0,0,0,0,0,0,0,0,0,3.166e-06,2.9765e-07,7.9425e-06,2.3077e-06,0,0,0,0,0,0,0,0,0,0,0,0,0,0,0,0,0,0,0,0,0,0,0,0,0,0,0,0,0,0,0,0,0,7.7952e-06,0,2.1922e-08,0,0,0,0,0,0,0,0,0,4.6953e-07,0,0,0,0,0,0,0,0,2.868e-07,0,0,0,0,0,0,0,0
28,2.7738e-05,0,0,8.4866e-06,5.2597e-06,3.7803e-06,1.8825e-07,3.4749e-08,2.0998e-14,0,0,0,0,0,0,8.8108e-06,2.2146e-06,0,0,0,0,0,0,0,0,0,0,0,0,0,0,3.1536e-06,2.9564e-07,7.8932e-06,2.2964e-06,0,0,0,0,0,0,0,0,0,0,0,0,0,0,0,0,0,0,0,0,0,0,0,0,0,0,0,0,0,0,0,0,0,7.8311e-06,0,0,0,0,0,0,0,0,0,0,0,4.7313e-07,0,0,0,0,0,0,0,0,2.8833e-07,0,0,0,0,0,0,0,0
30,2.7669e-05,0,0,8.5069e-06,5.2714e-06,3.7894e-06,1.8867e-07,3.5827e-08,2.0998e-14,0,0,0,0,0,0,8.8429e-06,2.2223e-06,0,0,0,0,0,0,0,0,0,0,0,0,0,0,3.1473e-06,2.9461e-07,7.8677e-06,2.2906e-06,0,0,0,0,0,0,0,0,0,0,0,0,0,0,0,0,0,0,0,0,0,0,0,0,0,0,0,0,0,0,0,0,0,7.8486e-06,0,0,0,0,0,0,0,0,0,0,0,4.75e-07,0,0,0,0,0,0,0,0,2.8912e-07,0,0,0,0,0,0,0,0
32,2.7607e-05,0,0,8.5254e-06,5.2819e-06,3.7976e-06,1.8904e-07,3.6922e-08,2.0998e-14,0,0,0,0,0,0,8.8723e-06,2.2294e-06,0,0,0,0,0,0,0,0,0,0,0,0,0,0,3.1415e-06,2.9366e-07,7.8444e-06,2.2852e-06,0,0,0,0,0,0,0,0,0,0,0,0,0,0,0,0,0,0,0,0,0,0,0,0,0,0,0,0,0,0,0,0,0,7.8643e-06,0,0,0,0,0,0,0,0,0,0,0,4.767e-07,0,0,0,0,0,0,0,0,2.8985e-07,0,0,0,0,0,0,0,0
34,2.755e-05,0,0,8.5423e-06,5.2915e-06,3.8052e-06,1.8939e-07,3.8014e-08,2.0998e-14,0,0,0,0,0,0,8.8991e-06,2.2359e-06,0,0,0,0,0,0,0,0,0,0,0,0,0,0,3.1361e-06,2.928e-07,7.8232e-06,2.2804e-06,0,0,0,0,0,0,0,0,0,0,0,0,0,0,0,0,0,0,0,0,0,0,0,0,0,0,0,0,0,0,0,0,0,7.8786e-06,0,0,0,0,0,0,0,0,0,0,0,4.7826e-07,0,0,0,0,0,0,0,0,2.9051e-07,0,0,0,0,0,0,0,0
36,2.75e-05,0,0,8.5579e-06,5.3003e-06,3.8121e-06,1.897e-07,3.8956e-08,2.0998e-14,0,0,0,0,0,0,8.9205e-06,2.2411e-06,0,0,0,0,0,0,0,0,0,0,0,0,0,0,3.1312e-06,2.92e-07,7.8036e-06,2.2759e-06,0,0,0,0,0,0,0,0,0,0,0,0,0,0,0,0,0,0,0,0,0,0,0,0,0,0,0,0,0,0,0,0,0,7.8922e-06,0,0,0,0,0,0,0,0,0,0,0,4.797e-07,0,0,0,0,0,0,1.2565e-09,0,2.9056e-07,0,0,0,0,0,0,0,0
38,2.7467e-05,0,0,8.5724e-06,5.3093e-06,3.8185e-06,1.9003e-07,3.9072e-08,2.0998e-14,0,0,0,0,0,0,8.9219e-06,2.2415e-06,0,0,0,0,0,0,0,0,0,0,0,0,0,0,3.1267e-06,2.9127e-07,7.7855e-06,2.2717e-06,0,0,0,0,0,0,0,0,0,0,0,0,0,0,0,0,0,0,0,0,0,0,0,0,0,0,0,0,0,0,0,0,0,7.9092e-06,0,0,0,0,0,0,0,0,0,0,0,4.8103e-07,0,0,0,0,0,0,9.5444e-09,0,2.8741e-07,0,0,0,0,0,0,0,0
40,2.7435e-05,0,0,8.5862e-06,5.3178e-06,3.8247e-06,1.9033e-07,3.9181e-08,2.0998e-14,0,0,0,0,0,0,8.9233e-06,2.2418e-06,0,0,0,0,0,0,0,0,0,0,0,0,0,0,3.1224e-06,2.9057e-07,7.7684e-06,2.2678e-06,0,0,0,0,0,0,0,0,0,0,0,0,0,0,0,0,0,0,0,0,0,0,0,0,0,0,0,0,0,0,0,0,0,7.9253e-06,0,0,0,0,0,0,0,0,0,0,0,4.8229e-07,0,0,0,0,0,0,1.7409e-08,0,2.8443e-07,0,0,0,0,0,0,0,0
42,2.7405e-05,0,0,8.5992e-06,5.3259e-06,3.8305e-06,1.9062e-07,3.9286e-08,2.0998e-14,0,0,0,0,0,0,8.9245e-06,2.2422e-06,0,0,0,0,0,0,0,0,0,0,0,0,0,0,3.1183e-06,2.8991e-07,7.752e-06,2.264e-06,0,0,0,0,0,0,0,0,0,0,0,0,0,0,0,0,0,0,0,0,0,0,0,0,0,0,0,0,0,0,0,0,0,7.9406e-06,0,0,0,0,0,0,0,0,0,0,0,4.8349e-07,0,0,0,0,0,0,2.4885e-08,0,2.8159e-07,0,0,0,0,0,0,0,0
44,2.7377e-05,0,0,8.6117e-06,5.3336e-06,3.8361e-06,1.9089e-07,3.9385e-08,2.0998e-14,0,0,0,0,0,0,8.9258e-06,2.2425e-06,0,0,0,0,0,0,0,0,0,0,0,0,0,0,3.1144e-06,2.8928e-07,7.7365e-06,2.2605e-06,0,0,0,0,0,0,0,0,0,0,0,0,0,0,0,0,0,0,0,0,0,0,0,0,0,0,0,0,0,0,0,0,0,7.9551e-06,0,0,0,0,0,0,0,0,0,0,0,4.8463e-07,0,0,0,0,0,0,3.2007e-08,0,2.7889e-07,0,0,0,0,0,0,0,0
46,2.735e-05,0,0,8.6236e-06,5.3409e-06,3.8414e-06,1.9116e-07,3.948e-08,2.0998e-14,0,0,0,0,0,0,8.9269e-06,2.2428e-06,0,0,0,0,0,0,0,0,0,0,0,0,0,0,3.1107e-06,2.8868e-07,7.7217e-06,2.257e-06,0,0,0,0,0,0,0,0,0,0,0,0,0,0,0,0,0,0,0,0,0,0,0,0,0,0,0,0,0,0,0,0,0,7.969e-06,0,0,0,0,0,0,0,0,0,0,0,4.8572e-07,0,0,0,0,0,0,3.8802e-08,0,2.7631e-07,0,0,0,0,0,0,0,0
48,2.7324e-05,0,0,8.6349e-06,5.3479e-06,3.8464e-06,1.9141e-07,3.9571e-08,2.0998e-14,0,0,0,0,0,0,8.928e-06,2.243e-06,0,0,0,0,0,0,0,0,0,0,0,0,0,0,3.1071e-06,2.881e-07,7.7076e-06,2.2538e-06,0,0,0,0,0,0,0,0,0,0,0,0,0,0,0,0,0,0,0,0,0,0,0,0,0,0,0,0,0,0,0,0,0,7.9823e-06,0,0,0,0,0,0,0,0,0,0,0,4.8676e-07,0,0,0,0,0,0,4.5294e-08,0,2.7385e-07,0,0,0,0,0,0,0,0
50,2.7299e-05,0,0,8.6458e-06,5.3546e-06,3.8513e-06,1.9165e-07,3.9658e-08,2.0998e-14,0,0,0,0,0,0,8.9291e-06,2.2433e-06,0,0,0,0,0,0,0,0,0,0,0,0,0,0,3.1037e-06,2.8755e-07,7.694e-06,2.2507e-06,0,0,0,0,0,0,0,0,0,0,0,0,0,0,0,0,0,0,0,0,0,0,0,0,0,0,0,0,0,0,0,0,0,7.995e-06,0,0,0,0,0,0,0,0,0,0,0,4.8776e-07,0,0,0,0,0,0,5.1506e-08,0,2.7149e-07,0,0,0,0,0,0,0,0
52,2.7275e-05,0,0,8.6562e-06,5.361e-06,3.8559e-06,1.9188e-07,3.9742e-08,2.0998e-14,0,0,0,0,0,0,8.9301e-06,2.2436e-06,0,0,0,0,0,0,0,0,0,0,0,0,0,0,3.1005e-06,2.8703e-07,7.6811e-06,2.2477e-06,0,0,0,0,0,0,0,0,0,0,0,0,0,0,0,0,0,0,0,0,0,0,0,0,0,0,0,0,0,0,0,0,0,8.0071e-06,0,0,0,0,0,0,0,0,0,0,0,4.8871e-07,0,0,0,0,0,0,5.7459e-08,0,2.6924e-07,0,0,0,0,0,0,0,0
54,2.7252e-05,0,0,8.6662e-06,5.3672e-06,3.8603e-06,1.921e-07,3.9822e-08,2.0998e-14,0,0,0,0,0,0,8.9311e-06,2.2438e-06,0,0,0,0,0,0,0,0,0,0,0,0,0,0,3.0973e-06,2.8652e-07,7.6686e-06,2.2448e-06,0,0,0,0,0,0,0,0,0,0,0,0,0,0,0,0,0,0,0,0,0,0,0,0,0,0,0,0,0,0,0,0,0,8.0188e-06,0,0,0,0,0,0,0,0,0,0,0,4.8963e-07,0,0,0,0,0,0,6.317e-08,0,2.6707e-07,0,0,0,0,0,0,0,0
56,2.723e-05,0,0,8.6758e-06,5.3731e-06,3.8646e-06,1.9231e-07,3.9899e-08,2.0998e-14,0,0,0,0,0,0,8.932e-06,2.2441e-06,0,0,0,0,0,0,0,0,0,0,0,0,0,0,3.0943e-06,2.8604e-07,7.6567e-06,2.2421e-06,0,0,0,0,0,0,0,0,0,0,0,0,0,0,0,0,0,0,0,0,0,0,0,0,0,0,0,0,0,0,0,0,0,8.03e-06,0,0,0,0,0,0,0,0,0,0,0,4.9051e-07,0,0,0,0,0,0,6.8655e-08,0,2.6499e-07,0,0,0,0,0,0,0,0
