Time(d),Void,H2O,C3S,C2S,C3A,C4AF,K2SO4,GYPSUM,HEMIANH,DOLOMITE,CH,CSH,AFM,AFMC,MONOSULPH,ETTR,BRUCITE,HYDROTALC,DAMAGE
0.001,0,0.58244,0.2771,0.067902,0.024039,0.027501,0,0.019252,0,0.0017291,0,0,0,0,0,0,3.5228e-05,5.7389e-09,0
0.0011,0,0.58246,0.2771,0.067895,0.024039,0.027501,0,0.019252,0,0.0017128,0,0,0,0,0,0,3.7002e-05,2.4848e-07,0
0.00121,0,0.58249,0.2771,0.067888,0.024038,0.027501,0,0.019252,0,0.001687,0,0,0,0,0,0,3.974e-05,3.4582e-06,0
0.001331,0,0.58254,0.27709,0.067881,0.024036,0.027501,0,0.019252,0,0.0016435,0,0,0,0,0,0,4.537e-05,8.7575e-06,0
0.0014641,0,0.58261,0.27708,0.067872,0.024033,0.027501,0,0.019253,0,0.0015824,0,0,0,0,0,0,5.4016e-05,1.5492e-05,0
0.0016105,0,0.5827,0.27706,0.067863,0.02403,0.027501,0,0.019253,0,0.0015036,0,0,0,0,0,0,6.5699e-05,2.3587e-05,0
0.0017716,0,0.58282,0.27703,0.067852,0.024026,0.0275,0,0.019253,0,0.001406,0,0,0,0,0,0,8.0627e-05,3.3093e-05,0
0.0019487,0,0.58295,0.277,0.067841,0.024022,0.0275,0,0.019254,0,0.0012877,0,0,0,0,0,0,9.9133e-05,4.4116e-05,0
0.0021436,0,0.58311,0.27696,0.067828,0.024017,0.0275,0,0.019254,0,0.0011463,0,0,0,0,0,0,0.00012165,5.6794e-05,0
0.002358,0,0.5833,0.27692,0.067815,0.024011,0.0275,0,0.019255,0,0.00097889,0,0,0,0,0,0,0.00014871,7.1297e-05,0
0.0025937,0,0.58353,0.27686,0.0678,0.024005,0.027499,0,0.019256,0,0.00078194,0,0,0,0,0,0,0.00018093,8.7822e-05,0
0.0028531,0,0.58379,0.2768,0.067783,0.023998,0.027499,0,0.019257,0,0.00055146,0,0,0,0,0,0,0.00021905,0.00010659,0
0.0031384,0,0.5841,0.27672,0.067765,0.02399,0.027498,0,0.019258,0,0.00028285,0,0,0,0,0,0,0.0002639,0.00012787,0
0.0034523,0,0.58439,0.27663,0.067745,0.02398,0.027497,0,0.019292,0,0,0,0,0,0,0,0,0.00031633,0.00015193,0
0.0037975,0,0.58408,0.27652,0.067723,0.02397,0.027497,0,0.019691,0,0,0,0,0,0,0,0,0.00034549,0.0001791,0
0.0041773,0,0.58382,0.27639,0.067698,0.023958,0.027496,0,0.019788,0,0,0,0.00029843,0,0,0,0,0.00040863,0.00020974,0
0.004595,0,0.5836,0.27625,0.067672,0.023945,0.027495,0,0.019795,0,0,0,0.00075263,0,0,0,0,0.00053363,0.00024426,0
0.0050545,0,0.58335,0.27608,0.067643,0.02393,0.027493,0,0.019803,0,0,0,0.0012758,0,0,0,0,0.00067815,0.00028311,0
0.0055599,0,0.58291,0.27588,0.06761,0.023913,0.027492,0,0.019791,0,0,0,0.0017157,0,0,0,0.0002532,0.00077129,0.00024794,0
0.0061159,0,0.58212,0.27565,0.067575,0.023894,0.02749,0,0.019563,0,0,0,0.0020556,0,0,0,0.0012071,0.00088675,0,0
0.0067275,0,0.58152,0.27538,0.067537,0.023873,0.027488,0,0.019686,0,0,0,0.0025315,0,0,0,0.001384,0.00089196,0,0
0.0074002,0,0.58084,0.27507,0.067494,0.02385,0.027486,0,0.019809,0,0,0,0.0031088,0,0,0,0.0015824,0.00089794,0,0
0.0081403,0,0.58011,0.27471,0.067448,0.023824,0.027484,0,0.019914,0,0,0,0.0037961,0,0,0,0.0018049,0.00090482,0,0
0.0089543,0,0.57953,0.2743,0.067397,0.023794,0.027481,0,0.019892,0,0,0.0001918,0.0044491,0,0,0,0.0020541,0.00091271,0,0
0.0098497,0,0.57889,0.27383,0.067341,0.023761,0.027477,0,0.019817,0,0,0.00049404,0.0051322,0,0,0,0.0023332,0.00092176,0,0
0.010835,0,0.57817,0.27328,0.06728,0.023725,0.027473,0,0.019735,0,0,0.00084131,0.005913,0,0,0,0.0026454,0.00093212,0,0
0.011918,0,0.57735,0.27266,0.067214,0.023684,0.027469,0,0.019642,0,0,0.0012399,0.0068051,0,0,0,0.0029946,0.000944,0,0
0.01311,0,0.57642,0.27194,0.067141,0.023638,0.027464,0,0.01954,0,0,0.0016971,0.0078236,0,0,0,0.0033848,0.00095758,0,0
0.014421,0,0.57536,0.27111,0.067061,0.023587,0.027458,0,0.019426,0,0,0.002221,0.0089859,0,0,0,0.0038205,0.00097312,0,0
0.015863,0,0.57416,0.27016,0.066975,0.02353,0.027451,0,0.0193,0,0,0.002821,0.010311,0,0,0,0.0043068,0.00099087,0,0
0.017449,0,0.57279,0.26907,0.06688,0.023467,0.027444,0,0.019159,0,0,0.0035075,0.011822,0,0,0,0.0048491,0.0010111,0,0
0.019194,0,0.57124,0.26782,0.066777,0.023397,0.027435,0,0.019004,0,0,0.0042925,0.013543,0,0,0,0.0054534,0.0010343,0,0
0.021114,0,0.56948,0.2664,0.066665,0.023319,0.027425,0,0.018832,0,0,0.0051892,0.015501,0,0,0,0.0061263,0.0010606,0,0
0.023225,0,0.56749,0.26477,0.066544,0.023232,0.027414,0,0.018642,0,0,0.0062127,0.017729,0,0,0,0.0068749,0.0010907,0,0
0.025548,0,0.56524,0.26291,0.066413,0.023136,0.027401,0,0.018432,0,0,0.0073795,0.020259,0,0,0,0.007707,0.0011249,0,0
0.028102,0,0.5627,0.26078,0.066271,0.023029,0.027387,0,0.0182,0,0,0.0087085,0.023132,0,0,0,0.008631,0.0011637,0,0
0.030913,0,0.55982,0.25837,0.066118,0.022911,0.02737,0,0.017945,0,0,0.01022,0.026389,0,0,0,0.009656,0.0012078,0,0
0.034004,0,0.55664,0.2557,0.065953,0.02278,0.027352,0,0.017662,0,0,0.011888,0.029977,0,0,0,0.010792,0.0012565,0,0
0.037404,0,0.55324,0.25286,0.065776,0.022636,0.027331,0,0.017345,0,0,0.013661,0.033793,0,0,0,0.012049,0.0013085,0,0
0.041145,0,0.5496,0.24985,0.065585,0.022477,0.027307,0,0.016991,0,0,0.015541,0.037843,0,0,0,0.013438,0.0013638,0,0
0.045259,0,0.54572,0.24667,0.065381,0.022302,0.027281,0,0.016597,0,0,0.017529,0.042129,0,0,0,0.014972,0.0014225,0,0
0.049785,0,0.54158,0.24332,0.065162,0.022109,0.027251,0,0.016158,0,0,0.019626,0.046654,0,0,0,0.016664,0.0014847,0,0
0.054764,0,0.53717,0.23979,0.064928,0.021897,0.027217,0,0.01567,0,0,0.021832,0.051418,0,0,0,0.018525,0.0015504,0,0
0.06024,0,0.53252,0.23609,0.064677,0.021667,0.02718,0,0.015135,0,0,0.024146,0.05642,0,0,0,0.020547,0.0016196,0,0
0.066264,0,0.52763,0.23223,0.064408,0.021425,0.027139,0,0.014568,0,0,0.026564,0.061657,0,0,0,0.022689,0.0016922,0,0
0.07289,0,0.52251,0.22821,0.06412,0.021171,0.027092,0,0.013967,0,0,0.029085,0.067124,0,0,0,0.024952,0.001768,0,0
0.08018,0,0.51718,0.22403,0.063812,0.020906,0.027041,0,0.013333,0,0,0.031704,0.072814,0,0,0,0.027337,0.001847,0,0
0.088197,0,0.51163,0.2197,0.063482,0.020629,0.026984,0,0.012664,0,0,0.034417,0.078721,0,0,0,0.029844,0.0019291,0,0
0.097017,0,0.50587,0.21524,0.063129,0.020341,0.02692,0,0.01196,0,0,0.037217,0.084834,0,0,0,0.032474,0.0020142,0,0
0.10672,0,0.49991,0.21066,0.06275,0.020042,0.026849,0,0.011222,0,0,0.040099,0.091142,0,0,0,0.035227,0.0021022,0,0
0.11739,0,0.49376,0.20596,0.062344,0.019733,0.026771,0,0.010449,0,0,0.043055,0.097633,0,0,0,0.038101,0.0021928,0,0
0.12913,0,0.48744,0.20116,0.061912,0.019415,0.026684,0,0.0096418,0,0,0.046076,0.10429,0,0,0,0.041094,0.0022858,0,0
0.14204,0,0.48097,0.19628,0.06146,0.019088,0.026588,0,0.0087996,0,0,0.049152,0.11108,0,0,0,0.044207,0.0023811,0,0
0.15625,0,0.4744,0.19133,0.060989,0.018764,0.026481,0,0.0079476,0,0,0.052273,0.11798,0,0,0,0.047358,0.0024781,0,0
0.17187,0,0.46775,0.18632,0.060497,0.01844,0.026362,0,0.00708,0,0,0.055431,0.12498,0,0,0,0.050565,0.0025769,0,0
0.18906,0,0.46101,0.18127,0.059983,0.018117,0.026231,0,0.0061915,0,0,0.058616,0.13206,0,0,0,0.053844,0.0026771,0,0
0.20797,0,0.44849,0.1762,0.059447,0.017792,0.026085,0,0.0028449,0,0,0.061332,0.14003,0,0,0,0.065003,0.0027786,0,0
0.22876,0,0.44094,0.17113,0.058889,0.017467,0.025922,0,0.0016186,0,0,0.064487,0.1473,0,0,0,0.069362,0.0028814,0,0
0.25164,0,0.43327,0.16605,0.058308,0.017139,0.025742,0,0.00032372,0,0,0.067636,0.15461,0,0,0,0.073936,0.0029852,0,0
0.2768,0,0.42573,0.161,0.057704,0.016808,0.025541,0,0,0,0,0.070717,0.16179,0,0,0,0.077622,0.0030899,0,0
0.30448,0,0.42122,0.15598,0.057077,0.016475,0.025318,0,0,0,0,0.07412,0.16861,0,0,0,0.077999,0.0031956,0,0
0.33493,0,0.41677,0.15101,0.056427,0.016138,0.025069,0,0,0,0,0.077505,0.17538,0,0,0,0.078392,0.003302,0,0
0.36842,0,0.41155,0.1461,0.055754,0.015799,0.024793,0,0,0,0,0.080769,0.18218,0,0,0,0.079618,0.0033862,5.1495e-05,0
0.40526,0,0.40585,0.14125,0.055059,0.015455,0.024485,0,0,0,0,0.084406,0.18923,0,0,0,0.080046,0.0029457,0.0012772,0
0.44579,0,0.40019,0.13648,0.054343,0.015108,0.024143,0,0,0,0,0.088027,0.19619,0,0,0,0.08047,0.0024757,0.0025709,0
0.49037,0,0.39459,0.13179,0.053606,0.014757,0.02377,0,0,0,0,0.091624,0.20307,0,0,0,0.08089,0.0019779,0.0039275,0
0.53941,0,0.38904,0.1272,0.052851,0.014401,0.023386,0,0,0,0,0.09518,0.20986,0,0,0,0.081305,0.0014659,0.0053143,0
0.59335,0,0.38356,0.12271,0.052077,0.014041,0.022992,0,0,0,0,0.098692,0.21655,0,0,0,0.081715,0.00093954,0.0067313,0
0.65268,0,0.37815,0.11832,0.051287,0.013677,0.022587,0,0,0,0,0.10216,0.22313,0,0,0,0.082118,0.00039886,0.0081782,0
0.71795,0,0.37311,0.11403,0.050482,0.013307,0.022173,0,0,0,0,0.10547,0.22949,0,0,0,0.082628,0,0.0093057,0
0.78975,0,0.36926,0.10986,0.049665,0.012933,0.02175,0,0,0,0,0.10851,0.23541,0,0,0,0.083077,0,0.0095392,0
0.86872,0,0.36556,0.10581,0.048836,0.012565,0.021319,0,0,0,0,0.11149,0.24119,0,0,0,0.083472,0,0.0097693,0
0.95559,0,0.36197,0.10187,0.047998,0.012203,0.020881,0,0,0,0,0.11439,0.24684,0,0,0,0.083853,0,0.0099959,0
1.0512,0,0.35849,0.098041,0.047153,0.011847,0.020442,0,0,0,0,0.11723,0.25236,0,0,0,0.084223,0,0.010218,0
1.1563,0,0.35512,0.094332,0.046302,0.011497,0.02,0,0,0,0,0.11999,0.25774,0,0,0,0.084584,0,0.010436,0
1.2719,0,0.35186,0.09074,0.045448,0.011153,0.019552,0,0,0,0,0.12268,0.26298,0,0,0,0.084936,0,0.010651,0
1.3991,0,0.34871,0.087265,0.044592,0.010815,0.019099,0,0,0,0,0.12529,0.26808,0,0,0,0.08528,0,0.010861,0
1.539,0,0.34569,0.083904,0.043736,0.010484,0.018639,0,0,0,0,0.12784,0.27303,0,0,0,0.085615,0,0.011068,0
1.6929,0,0.34278,0.080656,0.042881,0.010158,0.018172,0,0,0,0,0.13031,0.27784,0,0,0,0.085941,0,0.011271,0
1.8622,0,0.33997,0.07752,0.042029,0.009839,0.017705,0,0,0,0,0.13271,0.2825,0,0,0,0.086259,0,0.01147,0
2.0484,0,0.33728,0.074493,0.041181,0.0095257,0.017239,0,0,0,0,0.13503,0.28702,0,0,0,0.086568,0,0.011664,0
2.2532,0,0.33433,0.071574,0.040339,0.0092185,0.016775,0,0,0,0,0.13724,0.2915,0,0.00030771,0,0.086869,0,0.011854,0
2.4786,0,0.33106,0.06876,0.039503,0.0089173,0.016313,0,0,0,0,0.1393,0.29594,0,0.00099582,0,0.08716,0,0.012039,0
2.7264,0,0.3279,0.066048,0.038676,0.0086223,0.015855,0,0,0,0,0.1413,0.30026,0,0.0016735,0,0.087443,0,0.01222,0
3,0,0.32483,0.063426,0.037854,0.0083324,0.015401,0,0,0,0,0.14325,0.30445,0,0.0023427,0,0.087719,0,0.012396,0
3.3,0,0.32188,0.060912,0.037044,0.0080496,0.014953,0,0,0,0,0.14512,0.30849,0,0.0029983,0,0.087986,0,0.012568,0
3.63,0,0.31902,0.058491,0.036245,0.0077731,0.014512,0,0,0,0,0.14692,0.31241,0,0.0036424,0,0.088245,0,0.012734,0
3.993,0,0.31626,0.056162,0.035456,0.0075029,0.014077,0,0,0,0,0.14867,0.31621,0,0.0042746,0,0.088496,0,0.012896,0
4.3923,0,0.31359,0.053922,0.034679,0.0072389,0.01365,0,0,0,0,0.15036,0.31988,0,0.0048944,0,0.08874,0,0.013054,0
4.8315,0,0.31101,0.051767,0.033914,0.0069814,0.013231,0,0,0,0,0.15198,0.32343,0,0.0055014,0,0.088976,0,0.013207,0
5.3147,0,0.30851,0.049695,0.033161,0.0067302,0.01282,0,0,0,0,0.15356,0.32687,0,0.0060954,0,0.089204,0,0.013355,0
5.8461,0,0.3061,0.047704,0.032421,0.0064854,0.012418,0,0,0,0,0.15507,0.3302,0,0.0066759,0,0.089426,0,0.013499,0
6.4308,0,0.30378,0.04579,0.031693,0.0062472,0.012025,0,0,0,0,0.15653,0.33341,0,0.0072427,0,0.089641,0,0.013638,0
7,0,0.30179,0.044161,0.031061,0.006042,0.011685,0,0,0,0,0.15778,0.33617,0,0.007732,0,0.089825,0,0.013758,0
7.7,0,0.29961,0.042385,0.030357,0.0058158,0.011309,0,0,0,0,0.15915,0.33919,0,0.0082725,0,0.090027,0,0.013889,0
8.47,0,0.2975,0.040678,0.029667,0.0055961,0.010942,0,0,0,0,0.16046,0.34212,0,0.0087985,0,0.090222,0,0.014017,0
9.317,0,0.29546,0.039039,0.02899,0.0053829,0.010586,0,0,0,0,0.16173,0.34495,0,0.00931,0,0.090412,0,0.01414,0
10.249,0,0.2935,0.037464,0.028326,0.0051762,0.010239,0,0,0,0,0.16296,0.34768,0,0.0098067,0,0.090595,0,0.014259,0
11.274,0,0.2916,0.035953,0.027675,0.004976,0.009901,0,0,0,0,0.16413,0.35032,0,0.010289,0,0.090772,0,0.014374,0
12.401,0,0.28977,0.034501,0.027038,0.0047821,0.0095731,0,0,0,0,0.16527,0.35288,0,0.010756,0,0.090944,0,0.014485,0
14,0,0.28749,0.032704,0.026233,0.0045402,0.0091624,0,0,0,0,0.16668,0.35607,0,0.011339,0,0.091158,0,0.014624,0
15.4,0,0.2858,0.031385,0.025627,0.004361,0.0088566,0,0,0,0,0.16772,0.35843,0,0.011772,0,0.091317,0,0.014727,0
16.94,0,0.28417,0.030119,0.025034,0.0041879,0.00856,0,0,0,0,0.16872,0.36072,0,0.01219,0,0.09147,0,0.014826,0
18.634,0,0.2826,0.028903,0.024453,0.0040208,0.0082723,0,0,0,0,0.16969,0.36293,0,0.012595,0,0.091619,0,0.014922,0
20.497,0,0.28108,0.027735,0.023884,0.0038595,0.0079935,0,0,0,0,0.17062,0.36507,0,0.012985,0,0.091763,0,0.015014,0
22.547,0,0.27962,0.026614,0.023328,0.003704,0.0077232,0,0,0,0,0.17151,0.36713,0,0.013361,0,0.091902,0,0.015104,0
24.802,0,0.2782,0.025538,0.022784,0.003554,0.0074615,0,0,0,0,0.17238,0.36913,0,0.013724,0,0.092036,0,0.01519,0
28,0,0.27644,0.024206,0.022098,0.0033678,0.0071347,0,0,0,0,0.17345,0.37163,0,0.014174,0,0.092204,0,0.015297,0
30,0,0.27551,0.023508,0.02173,0.0032697,0.0069615,0,0,0,0,0.17401,0.37295,0,0.014412,0,0.092293,0,0.015354,0
32,0,0.27466,0.022874,0.021391,0.0031806,0.0068033,0,0,0,0,0.17453,0.37416,0,0.014627,0,0.092374,0,0.015405,0
34,0,0.27388,0.022295,0.021077,0.003099,0.006658,0,0,0,0,0.175,0.37526,0,0.014824,0,0.092449,0,0.015453,0
36,0,0.27317,0.021763,0.020786,0.0030239,0.0065239,0,0,0,0,0.17543,0.37629,0,0.015006,0,0.092518,0,0.015496,0
38,0,0.2725,0.021272,0.020514,0.0029545,0.0063995,0,0,0,0,0.17583,0.37724,0,0.015174,0,0.092581,0,0.015537,0
40,0,0.27188,0.020816,0.02026,0.0028901,0.0062836,0,0,0,0,0.1762,0.37812,0,0.015329,0,0.092641,0,0.015574,0
42,0,0.27131,0.020392,0.020021,0.00283,0.0061753,0,0,0,0,0.17655,0.37895,0,0.015474,0,0.092696,0,0.015609,0
44,0,0.27076,0.019995,0.019796,0.0027739,0.0060737,0,0,0,0,0.17688,0.37972,0,0.01561,0,0.092749,0,0.015642,0
46,0,0.27026,0.019624,0.019582,0.0027212,0.0059782,0,0,0,0,0.17718,0.38045,0,0.015737,0,0.092798,0,0.015673,0
48,0,0.26978,0.019275,0.019381,0.0026717,0.0058881,0,0,0,0,0.17747,0.38114,0,0.015856,0,0.092844,0,0.015702,0
50,0,0.26932,0.018946,0.019189,0.002625,0.0058029,0,0,0,0,0.17774,0.38179,0,0.015969,0,0.092888,0,0.01573,0
52,0,0.2689,0.018635,0.019006,0.0025809,0.0057222,0,0,0,0,0.178,0.3824,0,0.016075,0,0.092929,0,0.015756,0
54,0,0.26849,0.01834,0.018833,0.0025391,0.0056455,0,0,0,0,0.17824,0.38299,0,0.016176,0,0.092969,0,0.01578,0
56,0,0.2681,0.018061,0.018666,0.0024995,0.0055726,0,0,0,0,0.17847,0.38355,0,0.016272,0,0.093006,0,0.015804,0
58,0,0.26773,0.017795,0.018507,0.0024617,0.0055031,0,0,0,0,0.17869,0.38408,0,0.016363,0,0.093042,0,0.015826,0
60,0,0.26738,0.017542,0.018355,0.0024258,0.0054367,0,0,0,0,0.1789,0.38459,0,0.016449,0,0.093076,0,0.015847,0
62,0,0.26704,0.017301,0.018209,0.0023915,0.0053733,0,0,0,0,0.1791,0.38507,0,0.016532,0,0.093109,0,0.015868,0
64,0,0.26672,0.017071,0.018068,0.0023588,0.0053125,0,0,0,0,0.17929,0.38554,0,0.01661,0,0.09314,0,0.015887,0
66,0,0.26641,0.01685,0.017933,0.0023275,0.0052543,0,0,0,0,0.17948,0.38598,0,0.016686,0,0.09317,0,0.015906,0
68,0,0.26612,0.016639,0.017803,0.0022975,0.0051983,0,0,0,0,0.17965,0.38641,0,0.016758,0,0.093199,0,0.015923,0
70,0,0.26583,0.016437,0.017677,0.0022687,0.0051446,0,0,0,0,0.17982,0.38683,0,0.016827,0,0.093227,0,0.015941,0
72,0,0.26556,0.016242,0.017556,0.002241,0.0050928,0,0,0,0,0.17998,0.38722,0,0.016894,0,0.093253,0,0.015957,0
74,0,0.2653,0.016055,0.017439,0.0022144,0.005043,0,0,0,0,0.18014,0.3876,0,0.016958,0,0.093279,0,0.015973,0
76,0,0.26504,0.015875,0.017325,0.0021888,0.0049949,0,0,0,0,0.18029,0.38797,0,0.017019,0,0.093304,0,0.015988,0
78,0,0.2648,0.015701,0.017216,0.0021641,0.0049485,0,0,0,0,0.18044,0.38833,0,0.017078,0,0.093328,0,0.016003,0
80,0,0.26456,0.015534,0.01711,0.0021404,0.0049037,0,0,0,0,0.18058,0.38867,0,0.017135,0,0.093351,0,0.016018,0
82,0,0.26433,0.015373,0.017006,0.0021174,0.0048604,0,0,0,0,0.18071,0.38901,0,0.01719,0,0.093373,0,0.016031,0
84,0,0.26411,0.015217,0.016906,0.0020952,0.0048184,0,0,0,0,0.18084,0.38933,0,0.017244,0,0.093395,0,0.016045,0
86,0,0.26389,0.015066,0.016809,0.0020738,0.0047778,0,0,0,0,0.18097,0.38964,0,0.017295,0,0.093416,0,0.016058,0
88,0,0.26368,0.01492,0.016715,0.002053,0.0047384,0,0,0,0,0.18109,0.38995,0,0.017345,0,0.093436,0,0.01607,0
90,0,0.26348,0.014778,0.016623,0.0020329,0.0047003,0,0,0,0,0.18121,0.39024,0,0.017393,0,0.093456,0,0.016082,0
92,0,0.26329,0.014641,0.016534,0.0020135,0.0046632,0,0,0,0,0.18133,0.39053,0,0.01744,0,0.093475,0,0.016094,0
94,0,0.2631,0.014509,0.016447,0.0019946,0.0046272,0,0,0,0,0.18144,0.3908,0,0.017485,0,0.093494,0,0.016105,0
96,0,0.26291,0.01438,0.016362,0.0019763,0.0045922,0,0,0,0,0.18155,0.39107,0,0.017529,0,0.093512,0,0.016117,0
98,0,0.26273,0.014254,0.01628,0.0019585,0.0045582,0,0,0,0,0.18165,0.39134,0,0.017571,0,0.09353,0,0.016127,0
100,0,0.26256,0.014133,0.0162,0.0019412,0.0045251,0,0,0,0,0.18176,0.39159,0,0.017613,0,0.093547,0,0.016138,0
102,0,0.26239,0.014015,0.016121,0.0019244,0.0044929,0,0,0,0,0.18186,0.39184,0,0.017653,0,0.093564,0,0.016148,0
104,0,0.26222,0.0139,0.016044,0.0019081,0.0044615,0,0,0,0,0.18195,0.39208,0,0.017692,0,0.09358,0,0.016158,0
106,0,0.26206,0.013788,0.01597,0.0018922,0.004431,0,0,0,0,0.18205,0.39232,0,0.01773,0,0.093596,0,0.016168,0
108,0,0.2619,0.013679,0.015896,0.0018767,0.0044011,0,0,0,0,0.18214,0.39255,0,0.017767,0,0.093611,0,0.016177,0
110,0,0.26175,0.013573,0.015825,0.0018616,0.0043721,0,0,0,0,0.18223,0.39277,0,0.017803,0,0.093626,0,0.016186,0
112,0,0.2616,0.013469,0.015755,0.001847,0.0043437,0,0,0,0,0.18232,0.39299,0,0.017838,0,0.093641,0,0.016195,0
114,0,0.26145,0.013368,0.015687,0.0018326,0.004316,0,0,0,0,0.1824,0.39321,0,0.017872,0,0.093656,0,0.016204,0
116,0,0.26131,0.01327,0.01562,0.0018187,0.004289,0,0,0,0,0.18249,0.39342,0,0.017906,0,0.09367,0,0.016213,0
118,0,0.26117,0.013174,0.015555,0.001805,0.0042625,0,0,0,0,0.18257,0.39362,0,0.017938,0,0.093683,0,0.016221,0
120,0,0.26103,0.01308,0.01549,0.0017917,0.0042367,0,0,0,0,0.18265,0.39382,0,0.01797,0,0.093697,0,0.016229,0
122,0,0.2609,0.012989,0.015428,0.0017787,0.0042114,0,0,0,0,0.18273,0.39402,0,0.018001,0,0.09371,0,0.016237,0
124,0,0.26077,0.012899,0.015366,0.001766,0.0041867,0,0,0,0,0.1828,0.39421,0,0.018031,0,0.093723,0,0.016245,0
126,0,0.26064,0.012812,0.015306,0.0017536,0.0041626,0,0,0,0,0.18288,0.3944,0,0.018061,0,0.093735,0,0.016253,0
128,0,0.26052,0.012726,0.015247,0.0017415,0.0041389,0,0,0,0,0.18295,0.39458,0,0.01809,0,0.093748,0,0.01626,0
130,0,0.26039,0.012643,0.015189,0.0017296,0.0041157,0,0,0,0,0.18302,0.39476,0,0.018118,0,0.09376,0,0.016267,0
132,0,0.26027,0.012561,0.015132,0.001718,0.004093,0,0,0,0,0.18309,0.39494,0,0.018146,0,0.093772,0,0.016275,0
134,0,0.26011,0.012481,0.015076,0.0017067,0.0040708,0,0,0,0,0.18315,0.39512,0,0.018216,0,0.093783,0,0.016282,0
136,0,0.26004,0.012402,0.015021,0.0016955,0.004049,0,0,0,0,0.18323,0.39528,0,0.0182,0,0.093795,0,0.016288,0
138,0,0.25994,0.012325,0.014967,0.0016846,0.0040276,0,0,0,0,0.1833,0.39544,0,0.018216,0,0.093806,0,0.016295,0
140,0,0.25986,0.01225,0.014914,0.001674,0.0040067,0,0,0,0,0.18337,0.3956,0,0.018216,0,0.093817,0,0.016302,0
142,0,0.25978,0.012176,0.014862,0.0016635,0.0039861,0,0,0,0,0.18343,0.39575,0,0.018216,0,0.093828,0,0.016308,0
144,0,0.2597,0.012104,0.014811,0.0016533,0.0039659,0,0,0,0,0.1835,0.3959,0,0.018216,0,0.093838,0,0.016315,0
146,0,0.25962,0.012033,0.014761,0.0016432,0.0039462,0,0,0,0,0.18356,0.39605,0,0.018216,0,0.093848,0,0.016321,0
148,0,0.25954,0.011964,0.014711,0.0016334,0.0039267,0,0,0,0,0.18363,0.39619,0,0.018216,0,0.093859,0,0.016327,0
150,0,0.25947,0.011895,0.014663,0.0016237,0.0039076,0,0,0,0,0.18369,0.39633,0,0.018216,0,0.093869,0,0.016333,0
152,0,0.25939,0.011829,0.014615,0.0016142,0.0038889,0,0,0,0,0.18375,0.39647,0,0.018216,0,0.093878,0,0.016339,0
154,0,0.25932,0.011763,0.014568,0.0016049,0.0038705,0,0,0,0,0.18381,0.39661,0,0.018216,0,0.093888,0,0.016345,0
156,0,0.25925,0.011698,0.014522,0.0015958,0.0038524,0,0,0,0,0.18387,0.39675,0,0.018216,0,0.093898,0,0.01635,0
158,0,0.25918,0.011635,0.014476,0.0015868,0.0038346,0,0,0,0,0.18393,0.39688,0,0.018216,0,0.093907,0,0.016356,0
160,0,0.25911,0.011573,0.014431,0.001578,0.0038171,0,0,0,0,0.18399,0.39701,0,0.018216,0,0.093916,0,0.016361,0
162,0,0.25904,0.011512,0.014387,0.0015693,0.0038,0,0,0,0,0.18404,0.39714,0,0.018216,0,0.093925,0,0.016367,0
164,0,0.25898,0.011452,0.014344,0.0015608,0.0037831,0,0,0,0,0.1841,0.39726,0,0.018216,0,0.093934,0,0.016372,0
166,0,0.25891,0.011393,0.014301,0.0015525,0.0037664,0,0,0,0,0.18415,0.39739,0,0.018216,0,0.093943,0,0.016377,0
168,0,0.25885,0.011334,0.014259,0.0015443,0.0037501,0,0,0,0,0.18421,0.39751,0,0.018216,0,0.093951,0,0.016383,0
170,0,0.25878,0.011277,0.014217,0.0015362,0.003734,0,0,0,0,0.18426,0.39763,0,0.018216,0,0.09396,0,0.016388,0
172,0,0.25872,0.011221,0.014176,0.0015282,0.0037181,0,0,0,0,0.18431,0.39775,0,0.018216,0,0.093968,0,0.016393,0
174,0,0.25866,0.011166,0.014136,0.0015204,0.0037025,0,0,0,0,0.18436,0.39787,0,0.018216,0,0.093976,0,0.016397,0
176,0,0.2586,0.011112,0.014096,0.0015128,0.0036872,0,0,0,0,0.18441,0.39798,0,0.018216,0,0.093984,0,0.016402,0
178,0,0.25854,0.011058,0.014057,0.0015052,0.0036721,0,0,0,0,0.18446,0.39809,0,0.018216,0,0.093992,0,0.016407,0
180,0,0.25848,0.011006,0.014018,0.0014977,0.0036572,0,0,0,0,0.18451,0.39821,0,0.018216,0,0.094,0,0.016412,0
182,0,0.25842,0.010954,0.01398,0.0014904,0.0036425,0,0,0,0,0.18456,0.39832,0,0.018216,0,0.094008,0,0.016416,0
184,0,0.25836,0.010903,0.013942,0.0014832,0.003628,0,0,0,0,0.1846,0.39842,0,0.018217,0,0.094015,0,0.016421,0
186,0,0.25831,0.010853,0.013905,0.0014761,0.0036138,0,0,0,0,0.18465,0.39853,0,0.018217,0,0.094023,0,0.016425,0
188,0,0.25825,0.010803,0.013869,0.0014691,0.0035997,0,0,0,0,0.1847,0.39864,0,0.018217,0,0.09403,0,0.01643,0
190,0,0.2582,0.010755,0.013832,0.0014622,0.0035859,0,0,0,0,0.18474,0.39874,0,0.018217,0,0.094038,0,0.016434,0
192,0,0.25814,0.010707,0.013797,0.0014555,0.0035723,0,0,0,0,0.18479,0.39884,0,0.018217,0,0.094045,0,0.016438,0
194,0,0.25809,0.010659,0.013761,0.0014488,0.0035588,0,0,0,0,0.18483,0.39894,0,0.018217,0,0.094052,0,0.016443,0
196,0,0.25804,0.010613,0.013727,0.0014422,0.0035455,0,0,0,0,0.18487,0.39904,0,0.018217,0,0.094059,0,0.016447,0
198,0,0.25798,0.010567,0.013692,0.0014357,0.0035325,0,0,0,0,0.18492,0.39914,0,0.018217,0,0.094066,0,0.016451,0
200,0,0.25793,0.010521,0.013658,0.0014293,0.0035195,0,0,0,0,0.18496,0.39924,0,0.018217,0,0.094073,0,0.016455,0
202,0,0.25788,0.010477,0.013625,0.001423,0.0035068,0,0,0,0,0.185,0.39933,0,0.018217,0,0.094079,0,0.016459,0
204,0,0.25783,0.010433,0.013592,0.0014168,0.0034942,0,0,0,0,0.18504,0.39943,0,0.018217,0,0.094086,0,0.016463,0
206,0,0.25778,0.010389,0.013559,0.0014107,0.0034818,0,0,0,0,0.18508,0.39952,0,0.018217,0,0.094093,0,0.016467,0
208,0,0.25773,0.010347,0.013526,0.0014046,0.0034696,0,0,0,0,0.18512,0.39961,0,0.018217,0,0.094099,0,0.01647,0
210,0,0.25769,0.010304,0.013494,0.0013986,0.0034575,0,0,0,0,0.18516,0.3997,0,0.018217,0,0.094105,0,0.016474,0
212,0,0.25764,0.010263,0.013463,0.0013928,0.0034456,0,0,0,0,0.1852,0.39979,0,0.018217,0,0.094112,0,0.016478,0
214,0,0.25759,0.010221,0.013432,0.001387,0.0034338,0,0,0,0,0.18524,0.39988,0,0.018217,0,0.094118,0,0.016482,0
216,0,0.25754,0.010181,0.013401,0.0013812,0.0034222,0,0,0,0,0.18527,0.39997,0,0.018217,0,0.094124,0,0.016485,0
218,0,0.2575,0.010141,0.01337,0.0013756,0.0034107,0,0,0,0,0.18531,0.40006,0,0.018217,0,0.09413,0,0.016489,0
220,0,0.25745,0.010101,0.01334,0.00137,0.0033994,0,0,0,0,0.18535,0.40014,0,0.018217,0,0.094136,0,0.016492,0
222,0,0.25741,0.010062,0.01331,0.0013645,0.0033882,0,0,0,0,0.18538,0.40023,0,0.018217,0,0.094142,0,0.016496,0
224,0,0.25736,0.010024,0.013281,0.0013591,0.0033771,0,0,0,0,0.18542,0.40031,0,0.018217,0,0.094148,0,0.016499,0
226,0,0.25732,0.0099857,0.013252,0.0013537,0.0033662,0,0,0,0,0.18546,0.40039,0,0.018217,0,0.094154,0,0.016503,0
228,0,0.25728,0.0099482,0.013223,0.0013484,0.0033554,0,0,0,0,0.18549,0.40048,0,0.018217,0,0.09416,0,0.016506,0
230,0,0.25723,0.0099111,0.013194,0.0013432,0.0033447,0,0,0,0,0.18552,0.40056,0,0.018217,0,0.094165,0,0.01651,0
232,0,0.25719,0.0098744,0.013166,0.001338,0.0033341,0,0,0,0,0.18556,0.40064,0,0.018217,0,0.094171,0,0.016513,0
234,0,0.25715,0.0098382,0.013138,0.0013329,0.0033237,0,0,0,0,0.18559,0.40071,0,0.018217,0,0.094176,0,0.016516,0
236,0,0.25711,0.0098024,0.01311,0.0013278,0.0033134,0,0,0,0,0.18563,0.40079,0,0.018217,0,0.094182,0,0.016519,0
238,0,0.25707,0.0097671,0.013083,0.0013229,0.0033032,0,0,0,0,0.18566,0.40087,0,0.018217,0,0.094187,0,0.016523,0
240,0,0.25703,0.0097322,0.013056,0.0013179,0.0032931,0,0,0,0,0.18569,0.40095,0,0.018217,0,0.094193,0,0.016526,0
242,0,0.25699,0.0096976,0.013029,0.0013131,0.0032832,0,0,0,0,0.18572,0.40102,0,0.018217,0,0.094198,0,0.016529,0
244,0,0.25695,0.0096635,0.013003,0.0013083,0.0032733,0,0,0,0,0.18576,0.4011,0,0.018217,0,0.094203,0,0.016532,0
246,0,0.25691,0.0096298,0.012977,0.0013035,0.0032636,0,0,0,0,0.18579,0.40117,0,0.018217,0,0.094208,0,0.016535,0
248,0,0.25687,0.0095965,0.012951,0.0012988,0.0032539,0,0,0,0,0.18582,0.40124,0,0.018217,0,0.094213,0,0.016538,0
250,0,0.25683,0.0095635,0.012925,0.0012942,0.0032444,0,0,0,0,0.18585,0.40132,0,0.018217,0,0.094218,0,0.016541,0
252,0,0.25679,0.009531,0.012899,0.0012896,0.003235,0,0,0,0,0.18588,0.40139,0,0.018217,0,0.094223,0,0.016544,0
254,0,0.25676,0.0094987,0.012874,0.0012851,0.0032256,0,0,0,0,0.18591,0.40146,0,0.018217,0,0.094228,0,0.016547,0
256,0,0.25672,0.0094669,0.012849,0.0012806,0.0032164,0,0,0,0,0.18594,0.40153,0,0.018217,0,0.094233,0,0.01655,0
258,0,0.25668,0.0094354,0.012824,0.0012761,0.0032073,0,0,0,0,0.18597,0.4016,0,0.018217,0,0.094238,0,0.016552,0
260,0,0.25665,0.0094042,0.0128,0.0012717,0.0031983,0,0,0,0,0.186,0.40167,0,0.018217,0,0.094243,0,0.016555,0
262,0,0.25661,0.0093734,0.012776,0.0012674,0.0031893,0,0,0,0,0.18603,0.40173,0,0.018217,0,0.094248,0,0.016558,0
264,0,0.25658,0.0093429,0.012752,0.0012631,0.0031805,0,0,0,0,0.18606,0.4018,0,0.018217,0,0.094252,0,0.016561,0
266,0,0.25654,0.0093127,0.012728,0.0012589,0.0031717,0,0,0,0,0.18608,0.40187,0,0.018217,0,0.094257,0,0.016564,0
268,0,0.25651,0.0092829,0.012704,0.0012547,0.003163,0,0,0,0,0.18611,0.40193,0,0.018217,0,0.094262,0,0.016566,0
270,0,0.25647,0.0092534,0.012681,0.0012505,0.0031544,0,0,0,0,0.18614,0.402,0,0.018217,0,0.094266,0,0.016569,0
272,0,0.25644,0.0092241,0.012658,0.0012464,0.0031459,0,0,0,0,0.18617,0.40206,0,0.018217,0,0.094271,0,0.016572,0
274,0,0.2564,0.0091952,0.012635,0.0012423,0.0031375,0,0,0,0,0.18619,0.40213,0,0.018217,0,0.094275,0,0.016574,0
276,0,0.25637,0.0091666,0.012612,0.0012383,0.0031292,0,0,0,0,0.18622,0.40219,0,0.018217,0,0.09428,0,0.016577,0
278,0,0.25634,0.0091383,0.012589,0.0012343,0.0031209,0,0,0,0,0.18625,0.40225,0,0.018217,0,0.094284,0,0.016579,0
280,0,0.2563,0.0091102,0.012567,0.0012304,0.0031128,0,0,0,0,0.18627,0.40232,0,0.018217,0,0.094288,0,0.016582,0
282,0,0.25627,0.0090825,0.012545,0.0012265,0.0031047,0,0,0,0,0.1863,0.40238,0,0.018217,0,0.094293,0,0.016584,0
284,0,0.25624,0.009055,0.012523,0.0012226,0.0030967,0,0,0,0,0.18633,0.40244,0,0.018217,0,0.094297,0,0.016587,0
286,0,0.25621,0.0090278,0.012501,0.0012188,0.0030887,0,0,0,0,0.18635,0.4025,0,0.018217,0,0.094301,0,0.016589,0
288,0,0.25617,0.0090009,0.01248,0.001215,0.0030809,0,0,0,0,0.18638,0.40256,0,0.018217,0,0.094305,0,0.016592,0
290,0,0.25614,0.0089742,0.012458,0.0012112,0.0030731,0,0,0,0,0.1864,0.40262,0,0.018217,0,0.09431,0,0.016594,0
292,0,0.25611,0.0089478,0.012437,0.0012075,0.0030654,0,0,0,0,0.18643,0.40268,0,0.018217,0,0.094314,0,0.016597,0
294,0,0.25608,0.0089216,0.012416,0.0012039,0.0030577,0,0,0,0,0.18645,0.40274,0,0.018217,0,0.094318,0,0.016599,0
296,0,0.25605,0.0088957,0.012395,0.0012002,0.0030501,0,0,0,0,0.18648,0.40279,0,0.018217,0,0.094322,0,0.016601,0
298,0,0.25602,0.0088701,0.012374,0.0011966,0.0030426,0,0,0,0,0.1865,0.40285,0,0.018217,0,0.094326,0,0.016604,0
300,0,0.25599,0.0088447,0.012354,0.001193,0.0030352,0,0,0,0,0.18652,0.40291,0,0.018217,0,0.09433,0,0.016606,0
302,0,0.25596,0.0088195,0.012334,0.0011895,0.0030278,0,0,0,0,0.18655,0.40296,0,0.018217,0,0.094334,0,0.016608,0
304,0,0.25593,0.0087945,0.012313,0.001186,0.0030205,0,0,0,0,0.18657,0.40302,0,0.018217,0,0.094338,0,0.016611,0
306,0,0.2559,0.0087698,0.012293,0.0011825,0.0030133,0,0,0,0,0.18659,0.40308,0,0.018217,0,0.094342,0,0.016613,0
308,0,0.25587,0.0087454,0.012274,0.0011791,0.0030061,0,0,0,0,0.18662,0.40313,0,0.018217,0,0.094345,0,0.016615,0
310,0,0.25584,0.0087211,0.012254,0.0011757,0.002999,0,0,0,0,0.18664,0.40318,0,0.018217,0,0.094349,0,0.016617,0
312,0,0.25581,0.0086971,0.012234,0.0011723,0.0029919,0,0,0,0,0.18666,0.40324,0,0.018217,0,0.094353,0,0.01662,0
314,0,0.25579,0.0086733,0.012215,0.001169,0.0029849,0,0,0,0,0.18669,0.40329,0,0.018217,0,0.094357,0,0.016622,0
316,0,0.25576,0.0086497,0.012196,0.0011657,0.002978,0,0,0,0,0.18671,0.40335,0,0.018217,0,0.09436,0,0.016624,0
318,0,0.25573,0.0086263,0.012177,0.0011624,0.0029711,0,0,0,0,0.18673,0.4034,0,0.018217,0,0.094364,0,0.016626,0
320,0,0.2557,0.0086031,0.012158,0.0011591,0.0029643,0,0,0,0,0.18675,0.40345,0,0.018217,0,0.094368,0,0.016628,0
322,0,0.25567,0.0085801,0.012139,0.0011559,0.0029576,0,0,0,0,0.18677,0.4035,0,0.018217,0,0.094371,0,0.01663,0
324,0,0.25565,0.0085573,0.01212,0.0011527,0.0029509,0,0,0,0,0.18679,0.40355,0,0.018217,0,0.094375,0,0.016632,0
326,0,0.25562,0.0085348,0.012102,0.0011495,0.0029442,0,0,0,0,0.18682,0.4036,0,0.018217,0,0.094378,0,0.016634,0
328,0,0.25559,0.0085124,0.012084,0.0011464,0.0029376,0,0,0,0,0.18684,0.40365,0,0.018217,0,0.094382,0,0.016636,0
330,0,0.25557,0.0084902,0.012065,0.0011433,0.0029311,0,0,0,0,0.18686,0.4037,0,0.018217,0,0.094385,0,0.016639,0
332,0,0.25554,0.0084682,0.012047,0.0011402,0.0029246,0,0,0,0,0.18688,0.40375,0,0.018217,0,0.094389,0,0.016641,0
334,0,0.25551,0.0084464,0.012029,0.0011371,0.0029182,0,0,0,0,0.1869,0.4038,0,0.018217,0,0.094392,0,0.016643,0
336,0,0.25549,0.0084248,0.012012,0.0011341,0.0029118,0,0,0,0,0.18692,0.40385,0,0.018217,0,0.094396,0,0.016645,0
338,0,0.25546,0.0084033,0.011994,0.0011311,0.0029055,0,0,0,0,0.18694,0.4039,0,0.018217,0,0.094399,0,0.016646,0
340,0,0.25544,0.0083821,0.011976,0.0011281,0.0028992,0,0,0,0,0.18696,0.40395,0,0.018217,0,0.094403,0,0.016648,0
342,0,0.25541,0.008361,0.011959,0.0011251,0.002893,0,0,0,0,0.18698,0.404,0,0.018217,0,0.094406,0,0.01665,0
344,0,0.25539,0.0083401,0.011942,0.0011222,0.0028868,0,0,0,0,0.187,0.40404,0,0.018217,0,0.094409,0,0.016652,0
346,0,0.25536,0.0083193,0.011924,0.0011193,0.0028807,0,0,0,0,0.18702,0.40409,0,0.018217,0,0.094413,0,0.016654,0
348,0,0.25534,0.0082988,0.011907,0.0011164,0.0028746,0,0,0,0,0.18704,0.40414,0,0.018217,0,0.094416,0,0.016656,0
350,0,0.25531,0.0082784,0.01189,0.0011136,0.0028686,0,0,0,0,0.18706,0.40418,0,0.018217,0,0.094419,0,0.016658,0
352,0,0.25529,0.0082581,0.011874,0.0011107,0.0028626,0,0,0,0,0.18708,0.40423,0,0.018217,0,0.094422,0,0.01666,0
354,0,0.25526,0.0082381,0.011857,0.0011079,0.0028567,0,0,0,0,0.1871,0.40428,0,0.018217,0,0.094425,0,0.016662,0
356,0,0.25524,0.0082181,0.01184,0.0011051,0.0028508,0,0,0,0,0.18712,0.40432,0,0.018217,0,0.094429,0,0.016663,0
358,0,0.25522,0.0081984,0.011824,0.0011024,0.0028449,0,0,0,0,0.18713,0.40437,0,0.018217,0,0.094432,0,0.016665,0
360,0,0.25519,0.0081788,0.011808,0.0010996,0.0028391,0,0,0,0,0.18715,0.40441,0,0.018217,0,0.094435,0,0.016667,0
362,0,0.25517,0.0081594,0.011791,0.0010969,0.0028334,0,0,0,0,0.18717,0.40446,0,0.018217,0,0.094438,0,0.016669,0
364,0,0.25514,0.0081401,0.011775,0.0010942,0.0028276,0,0,0,0,0.18719,0.4045,0,0.018217,0,0.094441,0,0.016671,0
366,0,0.25512,0.0081209,0.011759,0.0010915,0.002822,0,0,0,0,0.18721,0.40454,0,0.018217,0,0.094444,0,0.016672,0
368,0,0.2551,0.0081019,0.011743,0.0010888,0.0028163,0,0,0,0,0.18723,0.40459,0,0.018217,0,0.094447,0,0.016674,0
370,0,0.25508,0.0080831,0.011728,0.0010862,0.0028107,0,0,0,0,0.18724,0.40463,0,0.018217,0,0.09445,0,0.016676,0
372,0,0.25505,0.0080644,0.011712,0.0010836,0.0028052,0,0,0,0,0.18726,0.40467,0,0.018217,0,0.094453,0,0.016678,0
374,0,0.25503,0.0080458,0.011696,0.001081,0.0027997,0,0,0,0,0.18728,0.40472,0,0.018217,0,0.094456,0,0.016679,0
376,0,0.25501,0.0080274,0.011681,0.0010784,0.0027942,0,0,0,0,0.1873,0.40476,0,0.018217,0,0.094459,0,0.016681,0
378,0,0.25499,0.0080091,0.011665,0.0010758,0.0027888,0,0,0,0,0.18731,0.4048,0,0.018217,0,0.094462,0,0.016683,0
380,0,0.25496,0.007991,0.01165,0.0010733,0.0027834,0,0,0,0,0.18733,0.40484,0,0.018217,0,0.094465,0,0.016684,0
382,0,0.25494,0.007973,0.011635,0.0010708,0.002778,0,0,0,0,0.18735,0.40488,0,0.018217,0,0.094468,0,0.016686,0
384,0,0.25492,0.0079551,0.01162,0.0010683,0.0027727,0,0,0,0,0.18737,0.40492,0,0.018217,0,0.094471,0,0.016688,0
386,0,0.2549,0.0079373,0.011605,0.0010658,0.0027674,0,0,0,0,0.18738,0.40496,0,0.018217,0,0.094473,0,0.016689,0
388,0,0.25488,0.0079197,0.01159,0.0010633,0.0027622,0,0,0,0,0.1874,0.405,0,0.018217,0,0.094476,0,0.016691,0
390,0,0.25486,0.0079022,0.011575,0.0010609,0.002757,0,0,0,0,0.18742,0.40505,0,0.018217,0,0.094479,0,0.016693,0
392,0,0.25483,0.0078849,0.01156,0.0010585,0.0027518,0,0,0,0,0.18743,0.40508,0,0.018217,0,0.094482,0,0.016694,0
394,0,0.25481,0.0078677,0.011546,0.001056,0.0027467,0,0,0,0,0.18745,0.40512,0,0.018217,0,0.094485,0,0.016696,0
396,0,0.25479,0.0078505,0.011531,0.0010536,0.0027416,0,0,0,0,0.18747,0.40516,0,0.018217,0,0.094487,0,0.016697,0
398,0,0.25477,0.0078336,0.011517,0.0010513,0.0027365,0,0,0,0,0.18748,0.4052,0,0.018217,0,0.09449,0,0.016699,0
400,0,0.25475,0.0078167,0.011503,0.0010489,0.0027315,0,0,0,0,0.1875,0.40524,0,0.018217,0,0.094493,0,0.016701,0
402,0,0.25473,0.0078,0.011488,0.0010466,0.0027265,0,0,0,0,0.18751,0.40528,0,0.018217,0,0.094495,0,0.016702,0
404,0,0.25471,0.0077833,0.011474,0.0010442,0.0027215,0,0,0,0,0.18753,0.40532,0,0.018217,0,0.094498,0,0.016704,0
406,0,0.25469,0.0077668,0.01146,0.0010419,0.0027166,0,0,0,0,0.18755,0.40536,0,0.018217,0,0.094501,0,0.016705,0
408,0,0.25467,0.0077504,0.011446,0.0010396,0.0027117,0,0,0,0,0.18756,0.4054,0,0.018217,0,0.094503,0,0.016707,0
410,0,0.25465,0.0077341,0.011432,0.0010374,0.0027069,0,0,0,0,0.18758,0.40543,0,0.018217,0,0.094506,0,0.016708,0
412,0,0.25463,0.007718,0.011418,0.0010351,0.002702,0,0,0,0,0.18759,0.40547,0,0.018217,0,0.094509,0,0.01671,0
414,0,0.25461,0.0077019,0.011405,0.0010329,0.0026972,0,0,0,0,0.18761,0.40551,0,0.018217,0,0.094511,0,0.016711,0
416,0,0.25459,0.007686,0.011391,0.0010306,0.0026925,0,0,0,0,0.18762,0.40554,0,0.018217,0,0.094514,0,0.016713,0
418,0,0.25457,0.0076701,0.011377,0.0010284,0.0026877,0,0,0,0,0.18764,0.40558,0,0.018217,0,0.094516,0,0.016714,0
420,0,0.25455,0.0076544,0.011364,0.0010262,0.002683,0,0,0,0,0.18765,0.40562,0,0.018217,0,0.094519,0,0.016716,0
422,0,0.25453,0.0076388,0.011351,0.001024,0.0026783,0,0,0,0,0.18767,0.40565,0,0.018217,0,0.094521,0,0.016717,0
424,0,0.25451,0.0076233,0.011337,0.0010219,0.0026737,0,0,0,0,0.18768,0.40569,0,0.018217,0,0.094524,0,0.016718,0
426,0,0.25449,0.0076078,0.011324,0.0010197,0.0026691,0,0,0,0,0.1877,0.40573,0,0.018217,0,0.094526,0,0.01672,0
428,0,0.25448,0.0075925,0.011311,0.0010176,0.0026645,0,0,0,0,0.18771,0.40576,0,0.018217,0,0.094529,0,0.016721,0
430,0,0.25446,0.0075773,0.011298,0.0010154,0.0026599,0,0,0,0,0.18773,0.4058,0,0.018217,0,0.094531,0,0.016723,0
432,0,0.25444,0.0075622,0.011285,0.0010133,0.0026554,0,0,0,0,0.18774,0.40583,0,0.018217,0,0.094534,0,0.016724,0
434,0,0.25442,0.0075472,0.011272,0.0010112,0.0026509,0,0,0,0,0.18775,0.40587,0,0.018217,0,0.094536,0,0.016726,0
436,0,0.2544,0.0075323,0.011259,0.0010091,0.0026464,0,0,0,0,0.18777,0.4059,0,0.018217,0,0.094539,0,0.016727,0
438,0,0.25438,0.0075175,0.011246,0.0010071,0.002642,0,0,0,0,0.18778,0.40594,0,0.018217,0,0.094541,0,0.016728,0
440,0,0.25436,0.0075027,0.011233,0.001005,0.0026376,0,0,0,0,0.1878,0.40597,0,0.018217,0,0.094543,0,0.01673,0
442,0,0.25435,0.0074881,0.011221,0.001003,0.0026332,0,0,0,0,0.18781,0.406,0,0.018217,0,0.094546,0,0.016731,0
444,0,0.25433,0.0074736,0.011208,0.0010009,0.0026288,0,0,0,0,0.18783,0.40604,0,0.018217,0,0.094548,0,0.016732,0
446,0,0.25431,0.0074591,0.011196,0.00099893,0.0026245,0,0,0,0,0.18784,0.40607,0,0.018217,0,0.094551,0,0.016734,0
448,0,0.25429,0.0074448,0.011183,0.00099692,0.0026202,0,0,0,0,0.18785,0.40611,0,0.018217,0,0.094553,0,0.016735,0
450,0,0.25427,0.0074305,0.011171,0.00099493,0.0026159,0,0,0,0,0.18787,0.40614,0,0.018217,0,0.094555,0,0.016736,0
452,0,0.25426,0.0074164,0.011158,0.00099296,0.0026116,0,0,0,0,0.18788,0.40617,0,0.018217,0,0.094558,0,0.016738,0
454,0,0.25424,0.0074023,0.011146,0.00099099,0.0026074,0,0,0,0,0.18789,0.4062,0,0.018217,0,0.09456,0,0.016739,0
456,0,0.25422,0.0073883,0.011134,0.00098904,0.0026032,0,0,0,0,0.18791,0.40624,0,0.018217,0,0.094562,0,0.01674,0
458,0,0.2542,0.0073744,0.011122,0.0009871,0.002599,0,0,0,0,0.18792,0.40627,0,0.018217,0,0.094564,0,0.016742,0
460,0,0.25419,0.0073606,0.01111,0.00098517,0.0025949,0,0,0,0,0.18793,0.4063,0,0.018217,0,0.094567,0,0.016743,0
462,0,0.25417,0.0073469,0.011098,0.00098325,0.0025907,0,0,0,0,0.18795,0.40633,0,0.018217,0,0.094569,0,0.016744,0
464,0,0.25415,0.0073332,0.011086,0.00098135,0.0025866,0,0,0,0,0.18796,0.40637,0,0.018217,0,0.094571,0,0.016745,0
466,0,0.25414,0.0073196,0.011074,0.00097945,0.0025825,0,0,0,0,0.18797,0.4064,0,0.018217,0,0.094573,0,0.016747,0
468,0,0.25412,0.0073062,0.011062,0.00097757,0.0025785,0,0,0,0,0.18799,0.40643,0,0.018217,0,0.094575,0,0.016748,0
470,0,0.2541,0.0072928,0.011051,0.0009757,0.0025744,0,0,0,0,0.188,0.40646,0,0.018217,0,0.094578,0,0.016749,0
472,0,0.25409,0.0072794,0.011039,0.00097384,0.0025704,0,0,0,0,0.18801,0.40649,0,0.018217,0,0.09458,0,0.01675,0
474,0,0.25407,0.0072662,0.011027,0.000972,0.0025664,0,0,0,0,0.18802,0.40652,0,0.018217,0,0.094582,0,0.016752,0
476,0,0.25405,0.007253,0.011016,0.00097016,0.0025625,0,0,0,0,0.18804,0.40655,0,0.018217,0,0.094584,0,0.016753,0
478,0,0.25404,0.00724,0.011004,0.00096833,0.0025585,0,0,0,0,0.18805,0.40659,0,0.018217,0,0.094586,0,0.016754,0
480,0,0.25402,0.007227,0.010993,0.00096652,0.0025546,0,0,0,0,0.18806,0.40662,0,0.018217,0,0.094588,0,0.016755,0
482,0,0.254,0.007214,0.010982,0.00096472,0.0025507,0,0,0,0,0.18807,0.40665,0,0.018217,0,0.094591,0,0.016757,0
484,0,0.25399,0.0072012,0.01097,0.00096293,0.0025468,0,0,0,0,0.18809,0.40668,0,0.018217,0,0.094593,0,0.016758,0
486,0,0.25397,0.0071884,0.010959,0.00096114,0.002543,0,0,0,0,0.1881,0.40671,0,0.018217,0,0.094595,0,0.016759,0
488,0,0.25396,0.0071757,0.010948,0.00095937,0.0025391,0,0,0,0,0.18811,0.40674,0,0.018217,0,0.094597,0,0.01676,0
490,0,0.25394,0.0071631,0.010937,0.00095761,0.0025353,0,0,0,0,0.18812,0.40677,0,0.018217,0,0.094599,0,0.016761,0
492,0,0.25393,0.0071505,0.010926,0.00095586,0.0025315,0,0,0,0,0.18813,0.4068,0,0.018217,0,0.094601,0,0.016762,0
494,0,0.25391,0.0071381,0.010915,0.00095412,0.0025278,0,0,0,0,0.18815,0.40683,0,0.018217,0,0.094603,0,0.016764,0
496,0,0.25389,0.0071256,0.010904,0.00095239,0.002524,0,0,0,0,0.18816,0.40685,0,0.018217,0,0.094605,0,0.016765,0
498,0,0.25388,0.0071133,0.010893,0.00095067,0.0025203,0,0,0,0,0.18817,0.40688,0,0.018217,0,0.094607,0,0.016766,0
500,0,0.25386,0.007101,0.010882,0.00094896,0.0025166,0,0,0,0,0.18818,0.40691,0,0.018217,0,0.094609,0,0.016767,0
502,0,0.25385,0.0070888,0.010871,0.00094726,0.0025129,0,0,0,0,0.18819,0.40694,0,0.018217,0,0.094611,0,0.016768,0
504,0,0.25383,0.0070767,0.01086,0.00094557,0.0025092,0,0,0,0,0.18821,0.40697,0,0.018217,0,0.094613,0,0.016769,0
506,0,0.25382,0.0070647,0.01085,0.00094389,0.0025056,0,0,0,0,0.18822,0.407,0,0.018217,0,0.094615,0,0.016771,0
508,0,0.2538,0.0070527,0.010839,0.00094222,0.0025019,0,0,0,0,0.18823,0.40703,0,0.018217,0,0.094617,0,0.016772,0
510,0,0.25379,0.0070407,0.010828,0.00094056,0.0024983,0,0,0,0,0.18824,0.40706,0,0.018217,0,0.094619,0,0.016773,0
512,0,0.25377,0.0070289,0.010818,0.0009389,0.0024947,0,0,0,0,0.18825,0.40708,0,0.018217,0,0.094621,0,0.016774,0
514,0,0.25376,0.0070171,0.010807,0.00093726,0.0024911,0,0,0,0,0.18826,0.40711,0,0.018217,0,0.094623,0,0.016775,0
516,0,0.25374,0.0070054,0.010797,0.00093563,0.0024876,0,0,0,0,0.18827,0.40714,0,0.018217,0,0.094625,0,0.016776,0
518,0,0.25373,0.0069937,0.010787,0.000934,0.0024841,0,0,0,0,0.18829,0.40717,0,0.018217,0,0.094627,0,0.016777,0
520,0,0.25371,0.0069821,0.010776,0.00093239,0.0024805,0,0,0,0,0.1883,0.40719,0,0.018217,0,0.094629,0,0.016778,0
522,0,0.2537,0.0069706,0.010766,0.00093078,0.002477,0,0,0,0,0.18831,0.40722,0,0.018217,0,0.094631,0,0.016779,0
524,0,0.25368,0.0069591,0.010756,0.00092918,0.0024736,0,0,0,0,0.18832,0.40725,0,0.018217,0,0.094632,0,0.01678,0
526,0,0.25367,0.0069477,0.010745,0.00092759,0.0024701,0,0,0,0,0.18833,0.40728,0,0.018217,0,0.094634,0,0.016781,0
528,0,0.25366,0.0069363,0.010735,0.00092601,0.0024667,0,0,0,0,0.18834,0.4073,0,0.018217,0,0.094636,0,0.016783,0
530,0,0.25364,0.006925,0.010725,0.00092444,0.0024632,0,0,0,0,0.18835,0.40733,0,0.018217,0,0.094638,0,0.016784,0
532,0,0.25363,0.0069138,0.010715,0.00092287,0.0024598,0,0,0,0,0.18836,0.40736,0,0.018217,0,0.09464,0,0.016785,0
534,0,0.25361,0.0069026,0.010705,0.00092132,0.0024564,0,0,0,0,0.18837,0.40738,0,0.018217,0,0.094642,0,0.016786,0
536,0,0.2536,0.0068915,0.010695,0.00091977,0.002453,0,0,0,0,0.18838,0.40741,0,0.018217,0,0.094644,0,0.016787,0
538,0,0.25358,0.0068805,0.010685,0.00091823,0.0024497,0,0,0,0,0.18839,0.40744,0,0.018217,0,0.094645,0,0.016788,0
540,0,0.25357,0.0068695,0.010675,0.0009167,0.0024464,0,0,0,0,0.18841,0.40746,0,0.018217,0,0.094647,0,0.016789,0
542,0,0.25356,0.0068586,0.010666,0.00091518,0.002443,0,0,0,0,0.18842,0.40749,0,0.018217,0,0.094649,0,0.01679,0
544,0,0.25354,0.0068477,0.010656,0.00091367,0.0024397,0,0,0,0,0.18843,0.40751,0,0.018217,0,0.094651,0,0.016791,0
546,0,0.25353,0.0068369,0.010646,0.00091216,0.0024364,0,0,0,0,0.18844,0.40754,0,0.018217,0,0.094653,0,0.016792,0
548,0,0.25352,0.0068261,0.010636,0.00091066,0.0024332,0,0,0,0,0.18845,0.40757,0,0.018217,0,0.094654,0,0.016793,0
550,0,0.2535,0.0068154,0.010627,0.00090917,0.0024299,0,0,0,0,0.18846,0.40759,0,0.018217,0,0.094656,0,0.016794,0
552,0,0.25349,0.0068047,0.010617,0.00090769,0.0024267,0,0,0,0,0.18847,0.40762,0,0.018217,0,0.094658,0,0.016795,0
554,0,0.25348,0.0067941,0.010608,0.00090621,0.0024234,0,0,0,0,0.18848,0.40764,0,0.018217,0,0.09466,0,0.016796,0
556,0,0.25346,0.0067836,0.010598,0.00090475,0.0024202,0,0,0,0,0.18849,0.40767,0,0.018217,0,0.094662,0,0.016797,0
558,0,0.25345,0.0067731,0.010589,0.00090329,0.002417,0,0,0,0,0.1885,0.40769,0,0.018217,0,0.094663,0,0.016798,0
560,0,0.25344,0.0067627,0.010579,0.00090184,0.0024138,0,0,0,0,0.18851,0.40772,0,0.018217,0,0.094665,0,0.016799,0
562,0,0.25342,0.0067523,0.01057,0.00090039,0.0024107,0,0,0,0,0.18852,0.40774,0,0.018217,0,0.094667,0,0.0168,0
564,0,0.25341,0.006742,0.010561,0.00089895,0.0024075,0,0,0,0,0.18853,0.40777,0,0.018217,0,0.094668,0,0.016801,0
566,0,0.2534,0.0067317,0.010551,0.00089752,0.0024044,0,0,0,0,0.18854,0.40779,0,0.018217,0,0.09467,0,0.016802,0
568,0,0.25338,0.0067215,0.010542,0.0008961,0.0024013,0,0,0,0,0.18855,0.40782,0,0.018217,0,0.094672,0,0.016803,0
570,0,0.25337,0.0067113,0.010533,0.00089469,0.0023982,0,0,0,0,0.18856,0.40784,0,0.018217,0,0.094674,0,0.016804,0
572,0,0.25336,0.0067012,0.010524,0.00089328,0.0023951,0,0,0,0,0.18857,0.40787,0,0.018217,0,0.094675,0,0.016805,0
574,0,0.25334,0.0066911,0.010514,0.00089188,0.002392,0,0,0,0,0.18858,0.40789,0,0.018217,0,0.094677,0,0.016806,0
576,0,0.25333,0.0066811,0.010505,0.00089048,0.002389,0,0,0,0,0.18859,0.40791,0,0.018217,0,0.094679,0,0.016807,0
578,0,0.25332,0.0066711,0.010496,0.0008891,0.0023859,0,0,0,0,0.1886,0.40794,0,0.018217,0,0.09468,0,0.016808,0
580,0,0.25331,0.0066612,0.010487,0.00088772,0.0023829,0,0,0,0,0.18861,0.40796,0,0.018217,0,0.094682,0,0.016808,0
582,0,0.25329,0.0066513,0.010478,0.00088634,0.0023799,0,0,0,0,0.18862,0.40799,0,0.018217,0,0.094684,0,0.016809,0
584,0,0.25328,0.0066415,0.010469,0.00088498,0.0023769,0,0,0,0,0.18863,0.40801,0,0.018217,0,0.094685,0,0.01681,0
586,0,0.25327,0.0066317,0.01046,0.00088362,0.0023739,0,0,0,0,0.18864,0.40803,0,0.018217,0,0.094687,0,0.016811,0
588,0,0.25326,0.0066219,0.010452,0.00088226,0.0023709,0,0,0,0,0.18864,0.40806,0,0.018217,0,0.094688,0,0.016812,0
590,0,0.25324,0.0066123,0.010443,0.00088092,0.0023679,0,0,0,0,0.18865,0.40808,0,0.018217,0,0.09469,0,0.016813,0
592,0,0.25323,0.0066026,0.010434,0.00087958,0.002365,0,0,0,0,0.18866,0.4081,0,0.018217,0,0.094692,0,0.016814,0
594,0,0.25322,0.006593,0.010425,0.00087824,0.0023621,0,0,0,0,0.18867,0.40813,0,0.018217,0,0.094693,0,0.016815,0
596,0,0.25321,0.0065835,0.010416,0.00087692,0.0023591,0,0,0,0,0.18868,0.40815,0,0.018217,0,0.094695,0,0.016816,0
598,0,0.25319,0.006574,0.010408,0.00087559,0.0023562,0,0,0,0,0.18869,0.40817,0,0.018217,0,0.094697,0,0.016817,0
600,0,0.25318,0.0065645,0.010399,0.00087428,0.0023533,0,0,0,0,0.1887,0.40819,0,0.018217,0,0.094698,0,0.016818,0
